[
  {
    "idx": "5150405",
    "idx2": "5150406",
    "dbcode": 0,
    "grade": 5,
    "code": "",
    "en_name": "Inspiration",
    "jp_name": "",
    "kr_name": "인스피레이션",
    "image1": "pc101_01.jpg",
    "restriction": "Dark",
    "ability": "For World Bosses, increase Max ATK by 1150 when equipped\t",
    "notes": "",
    "date": "2020-09-01",
    "enabled": "t"
  },
  {
    "idx": "5150215",
    "idx2": "5150216",
    "dbcode": 0,
    "grade": 5,
    "code": "",
    "en_name": "VACATION",
    "jp_name": "",
    "kr_name": "루키 베케이션",
    "image1": "pc071_01.jpg",
    "restriction": "None",
    "ability": "Increase Blind EVA by 22% in PvP\t",
    "notes": "",
    "date": "2020-09-01",
    "enabled": "t"
  },
  {
    "idx": "5150075",
    "idx2": "5150076",
    "dbcode": 0,
    "grade": 5,
    "code": "",
    "en_name": "Demon-Hunter Demon",
    "jp_name": "",
    "kr_name": "창백한 사냥꾼",
    "image1": "pc009_01.jpg",
    "restriction": "Dark",
    "ability": "Increase critical attack damage by 4000 in Raids\t",
    "notes": "",
    "date": "2020-09-01",
    "enabled": "t"
  },
  {
    "idx": "5150045",
    "idx2": "5150046",
    "dbcode": 0,
    "grade": 5,
    "code": "",
    "en_name": "Pride That Pierces the Heavens",
    "jp_name": "",
    "kr_name": "하늘에 닿는 긍지",
    "image1": "pc005_01.jpg",
    "restriction": "Light Attacker",
    "ability": "50% chance to ignore the Enemy's Taunt and attack\t",
    "notes": "",
    "date": "2020-09-01",
    "enabled": "t"
  },
  {
    "idx": "5150365",
    "idx2": "5150366",
    "dbcode": 0,
    "grade": 5,
    "code": "",
    "en_name": "Halloween Diva",
    "jp_name": "",
    "kr_name": "할로윈의 프리마돈나",
    "image1": "pc103_01.jpg",
    "restriction": "Fire",
    "ability": "Increase Max ATK by 1150 for World Bosses\t",
    "notes": "",
    "date": "2020-09-01",
    "enabled": "t"
  },
  {
    "idx": "5150345",
    "idx2": "5150346",
    "dbcode": 0,
    "grade": 5,
    "code": "",
    "en_name": "Ayane",
    "jp_name": "",
    "kr_name": "DOA아야네",
    "image1": "pc092_01.jpg",
    "restriction": "None",
    "ability": "Increase Petrify EVA% in PVP by 30%\t",
    "notes": "",
    "date": "2020-09-01",
    "enabled": "t"
  },
  {
    "idx": "5151165",
    "idx2": "5151166",
    "dbcode": 0,
    "grade": 5,
    "code": "",
    "en_name": "Full Moon Luna",
    "jp_name": "",
    "kr_name": "만월밤의 루나",
    "image1": "pc150_01.jpg",
    "restriction": "",
    "ability": "When equipped, increase Weak Point Skill Final Blow by 10% for World Bosses\t",
    "notes": "",
    "date": "2020-09-01",
    "enabled": "t"
  },
  {
    "idx": "5140045",
    "idx2": "",
    "dbcode": 0,
    "grade": 4,
    "code": "",
    "en_name": "Nyotengu",
    "jp_name": "",
    "kr_name": "DOA뇨텐구",
    "image1": "pc090_01.jpg",
    "restriction": "Light",
    "ability": "Increase Curse Damage by 75\t",
    "notes": "",
    "date": "2020-09-01",
    "enabled": "t"
  },
  {
    "idx": "5150155",
    "idx2": "5150156",
    "dbcode": 0,
    "grade": 5,
    "code": "",
    "en_name": "A Subaquatic Date",
    "jp_name": "",
    "kr_name": "언더더씨",
    "image1": "pc055_01.jpg",
    "restriction": "Water",
    "ability": "Increase Poison Damage by 500 in the Underground\t",
    "notes": "",
    "date": "2020-09-01",
    "enabled": "t"
  },
  {
    "idx": "5140125",
    "idx2": "",
    "dbcode": 0,
    "grade": 4,
    "code": "",
    "en_name": "The Dream Team",
    "jp_name": "",
    "kr_name": "드림팀",
    "image1": "pc045_01.jpg",
    "restriction": "None",
    "ability": "Recover 700 HP by Defeating Enemies\t",
    "notes": "",
    "date": "2020-09-01",
    "enabled": "t"
  },
  {
    "idx": "5130075",
    "idx2": "",
    "dbcode": 0,
    "grade": 3,
    "code": "",
    "en_name": "The Sweetest Proposal",
    "jp_name": "",
    "kr_name": "스위트 프로포즈",
    "image1": "pc021_01.jpg",
    "restriction": "Fire",
    "ability": "Increase Bleed Damage by 20\t",
    "notes": "",
    "date": "2020-09-01",
    "enabled": "t"
  },
  {
    "idx": "5150295",
    "idx2": "5150296",
    "dbcode": 0,
    "grade": 5,
    "code": "",
    "en_name": "Forbidden Fruit",
    "jp_name": "",
    "kr_name": "금단의 열매",
    "image1": "pc094_01.jpg",
    "restriction": "None",
    "ability": "Increase Regen by 100 when equipped\t",
    "notes": "",
    "date": "2020-09-01",
    "enabled": "t"
  },
  {
    "idx": "5150495",
    "idx2": "5150496",
    "dbcode": 0,
    "grade": 5,
    "code": "",
    "en_name": "Moment of Respite",
    "jp_name": "",
    "kr_name": "브레이크 타임",
    "image1": "pc001_01.jpg",
    "restriction": "Water",
    "ability": "Increase Slide Skill CRT Damage by 4000 in Raids\t",
    "notes": "",
    "date": "2020-09-01",
    "enabled": "t"
  },
  {
    "idx": "5150335",
    "idx2": "5150336",
    "dbcode": 0,
    "grade": 5,
    "code": "",
    "en_name": "Tamaki",
    "jp_name": "",
    "kr_name": "DOA타마키",
    "image1": "pc091_01.jpg",
    "restriction": " Attacker",
    "ability": "Recover 1500 HP by Defeating Enemies\t",
    "notes": "",
    "date": "2020-09-01",
    "enabled": "t"
  },
  {
    "idx": "5130155",
    "idx2": "",
    "dbcode": 0,
    "grade": 3,
    "code": "",
    "en_name": "Afternoon Train",
    "jp_name": "",
    "kr_name": "오후의 관측",
    "image1": "pc040_01.jpg",
    "restriction": "Light",
    "ability": "Increase Curse Damage by 20\t",
    "notes": "",
    "date": "2020-09-01",
    "enabled": "t"
  },
  {
    "idx": "5150255",
    "idx2": "5150256",
    "dbcode": 0,
    "grade": 5,
    "code": "",
    "en_name": "Seaside Goddess",
    "jp_name": "",
    "kr_name": "컬러풀 비치",
    "image1": "pc077_01.jpg",
    "restriction": "Light",
    "ability": "Increase Max ATK by 1150 for World Bosses\t",
    "notes": "",
    "date": "2020-09-01",
    "enabled": "t"
  },
  {
    "idx": "5150635",
    "idx2": "5150636",
    "dbcode": 0,
    "grade": 5,
    "code": "",
    "en_name": "Beach Trap and Victim",
    "jp_name": "",
    "kr_name": "해변의 덫과 포로",
    "image1": "pc131_01.jpg",
    "restriction": "Fire Attacker",
    "ability": "When equipped, increase all Skill Damage by 10% for World Bosses\t",
    "notes": "",
    "date": "2020-09-01",
    "enabled": "t"
  },
  {
    "idx": "5150625",
    "idx2": "5150626",
    "dbcode": 0,
    "grade": 5,
    "code": "",
    "en_name": "Deep Ravine Pitfall",
    "jp_name": "",
    "kr_name": "깊은 계곡의 함정",
    "image1": "pc134_01.jpg",
    "restriction": " Attacker",
    "ability": "When equipped, increases Final CRT by 10% in PVP\t",
    "notes": "",
    "date": "2020-09-01",
    "enabled": "t"
  },
  {
    "idx": "5140035",
    "idx2": "",
    "dbcode": 0,
    "grade": 4,
    "code": "",
    "en_name": "Luna",
    "jp_name": "",
    "kr_name": "DOA루나",
    "image1": "pc089_01.jpg",
    "restriction": "None",
    "ability": "Increase Blind EVA% in PVP by 15%\t",
    "notes": "",
    "date": "2020-09-01",
    "enabled": "t"
  },
  {
    "idx": "5140145",
    "idx2": "",
    "dbcode": 0,
    "grade": 4,
    "code": "",
    "en_name": "NIGHTMARE",
    "jp_name": "",
    "kr_name": "NIGHTMARE",
    "image1": "pc176_01.jpg",
    "restriction": "None",
    "ability": "Increase Bleed EVA by 15% in PVP\t",
    "notes": "",
    "date": "2020-09-01",
    "enabled": "t"
  },
  {
    "idx": "5130025",
    "idx2": "",
    "dbcode": 0,
    "grade": 3,
    "code": "",
    "en_name": "Misaki",
    "jp_name": "",
    "kr_name": "DOA미사키",
    "image1": "pc093_01.jpg",
    "restriction": "None",
    "ability": "Increase Regen by 15 when equipped\t",
    "notes": "",
    "date": "2020-09-01",
    "enabled": "t"
  },
  {
    "idx": "5140065",
    "idx2": "",
    "dbcode": 0,
    "grade": 4,
    "code": "",
    "en_name": "Baptism of the Goddess",
    "jp_name": "",
    "kr_name": "여신의 세례",
    "image1": "pc024_01.jpg",
    "restriction": "None",
    "ability": "Increase Regen by 25 when equipped\t",
    "notes": "",
    "date": "2020-09-01",
    "enabled": "t"
  },
  {
    "idx": "5150165",
    "idx2": "5150166",
    "dbcode": 0,
    "grade": 5,
    "code": "",
    "en_name": "Special Training for Useless Demons",
    "jp_name": "",
    "kr_name": "최약체 조련 전문",
    "image1": "pc046_01.jpg",
    "restriction": "Forest",
    "ability": "Increase Weak Point Skill Damage by 450 for World Bosses\t",
    "notes": "",
    "date": "2020-09-01",
    "enabled": "t"
  },
  {
    "idx": "5130015",
    "idx2": "",
    "dbcode": 0,
    "grade": 3,
    "code": "",
    "en_name": "Kokoro",
    "jp_name": "",
    "kr_name": "DOA코코로",
    "image1": "pc088_01.jpg",
    "restriction": "None",
    "ability": "Increase Final CRT by 100\t",
    "notes": "",
    "date": "2020-09-01",
    "enabled": "t"
  },
  {
    "idx": "5140135",
    "idx2": "",
    "dbcode": 0,
    "grade": 4,
    "code": "",
    "en_name": "A Castle of Pleasure",
    "jp_name": "",
    "kr_name": "향락의 성",
    "image1": "pc036_01.jpg",
    "restriction": "Forest",
    "ability": "Increase heal amount by 400 when equipped\t",
    "notes": "",
    "date": "2020-09-01",
    "enabled": "t"
  },
  {
    "idx": "5151015",
    "idx2": "5151016",
    "dbcode": 0,
    "grade": 5,
    "code": "",
    "en_name": "Excuse Me..?",
    "jp_name": "",
    "kr_name": "실례합니다...?",
    "image1": "pc192_01.jpg",
    "restriction": "",
    "ability": "Recover 300 when hit by an attack when equipped in PvP\t",
    "notes": "",
    "date": "2020-09-01",
    "enabled": "t"
  },
  {
    "idx": "5150135",
    "idx2": "5150136",
    "dbcode": 0,
    "grade": 5,
    "code": "",
    "en_name": "S.O.W",
    "jp_name": "",
    "kr_name": "SOW",
    "image1": "pc061_01.jpg",
    "restriction": "None",
    "ability": "Increase Dancing Blade Damage by 170 in PvP\t",
    "notes": "",
    "date": "2020-09-01",
    "enabled": "t"
  },
  {
    "idx": "5140001",
    "idx2": "",
    "dbcode": 0,
    "grade": 4,
    "code": "",
    "en_name": "Big Napping Place",
    "jp_name": "",
    "kr_name": "유니버셜카르타4성",
    "image1": "pc067_01.jpg",
    "restriction": "",
    "ability": "",
    "notes": "",
    "date": "2020-09-01",
    "enabled": "t"
  },
  {
    "idx": "5150835",
    "idx2": "5150836",
    "dbcode": 0,
    "grade": 5,
    "code": "",
    "en_name": "Dominus Duo",
    "jp_name": "",
    "kr_name": "도미너스 듀오",
    "image1": "pc165_01.jpg",
    "restriction": "None",
    "ability": "Increased Vampirism & Absorb Amount by 100 (only works for Childs with Vampirism or Absorb skills)\t",
    "notes": "",
    "date": "2020-09-01",
    "enabled": "t"
  },
  {
    "idx": "5140095",
    "idx2": "",
    "dbcode": 0,
    "grade": 4,
    "code": "",
    "en_name": "High Jump",
    "jp_name": "",
    "kr_name": "하이 점프",
    "image1": "pc037_01.jpg",
    "restriction": "Fire",
    "ability": "Increase Bleed Damage by 70\t",
    "notes": "",
    "date": "2020-09-01",
    "enabled": "t"
  },
  {
    "idx": "5150845",
    "idx2": "5150846",
    "dbcode": 0,
    "grade": 5,
    "code": "",
    "en_name": "Resentment and Karma",
    "jp_name": "",
    "kr_name": "야호기담",
    "image1": "pc166_01.jpg",
    "restriction": "None",
    "ability": "Increase EVA by 10% when equipped in PvP\t",
    "notes": "",
    "date": "2020-09-01",
    "enabled": "t"
  },
  {
    "idx": "5150145",
    "idx2": "5150146",
    "dbcode": 0,
    "grade": 5,
    "code": "",
    "en_name": "Afternoon Nap",
    "jp_name": "",
    "kr_name": "노곤노곤낮잠타임",
    "image1": "pc013_01.jpg",
    "restriction": "Water",
    "ability": "Increase Slide Skill Damage by 750 for World Bosses\t",
    "notes": "",
    "date": "2020-09-01",
    "enabled": "t"
  },
  {
    "idx": "5150995",
    "idx2": "5150996",
    "dbcode": 0,
    "grade": 5,
    "code": "",
    "en_name": "I'm right here.",
    "jp_name": "",
    "kr_name": "나는 여기 있어",
    "image1": "pc102_01.jpg",
    "restriction": "Light",
    "ability": "Increase Weak Point Skill Final Blow by 5% when equipped during a Raid\t",
    "notes": "",
    "date": "2020-09-01",
    "enabled": "t"
  },
  {
    "idx": "5150965",
    "idx2": "5150966",
    "dbcode": 0,
    "grade": 5,
    "code": "",
    "en_name": "Centennial Vow",
    "jp_name": "",
    "kr_name": "백년가약",
    "image1": "pc160_01.jpg",
    "restriction": "Light Attacker",
    "ability": "Increase Tap Skill Damage by 500 when equipped during a Raid\t",
    "notes": "",
    "date": "2020-09-01",
    "enabled": "t"
  },
  {
    "idx": "5150205",
    "idx2": "5150206",
    "dbcode": 0,
    "grade": 5,
    "code": "",
    "en_name": "Relaxing at the Beach",
    "jp_name": "",
    "kr_name": "스파이크~!",
    "image1": "pc070_01.jpg",
    "restriction": "Forest",
    "ability": "Increase Freeze EVA by 30% in Raids\t",
    "notes": "",
    "date": "2020-09-01",
    "enabled": "t"
  },
  {
    "idx": "5151035",
    "idx2": "5151036",
    "dbcode": 0,
    "grade": 5,
    "code": "",
    "en_name": "Summer Vacation",
    "jp_name": "",
    "kr_name": "여름 바캉스",
    "image1": "pc194_01.jpg",
    "restriction": "Fire Supporter",
    "ability": "When equipped, increase Bleed Damage by 250 in PvE\t",
    "notes": "",
    "date": "2020-09-01",
    "enabled": "t"
  },
  {
    "idx": "5150055",
    "idx2": "5150056",
    "dbcode": 0,
    "grade": 5,
    "code": "",
    "en_name": "Wandering Doryeong",
    "jp_name": "",
    "kr_name": "방랑하는 선비",
    "image1": "pc028_01.jpg",
    "restriction": "Forest Attacker",
    "ability": "When equipped, increase Tap Skill Damage by 500 during a Raid\t",
    "notes": "",
    "date": "2020-09-01",
    "enabled": "t"
  },
  {
    "idx": "5150875",
    "idx2": "5150876",
    "dbcode": 0,
    "grade": 5,
    "code": "",
    "en_name": "Angelic Smile",
    "jp_name": "",
    "kr_name": "천사의 미소",
    "image1": "pc167_01.jpg",
    "restriction": "None",
    "ability": "Increase Poison Damage by 300 in PVP\t",
    "notes": "",
    "date": "2020-09-01",
    "enabled": "t"
  },
  {
    "idx": "5150085",
    "idx2": "5150086",
    "dbcode": 0,
    "grade": 5,
    "code": "",
    "en_name": "S.T.F.",
    "jp_name": "",
    "kr_name": "스페셜 테스크 포스",
    "image1": "pc011_01.jpg",
    "restriction": "Light",
    "ability": "Increase Curse Damage by 200\t",
    "notes": "",
    "date": "2020-09-01",
    "enabled": "t"
  },
  {
    "idx": "5130001",
    "idx2": "",
    "dbcode": 0,
    "grade": 3,
    "code": "",
    "en_name": "Regular Napping Place",
    "jp_name": "",
    "kr_name": "유니버셜카르타3성",
    "image1": "pc066_01.jpg",
    "restriction": "",
    "ability": "",
    "notes": "",
    "date": "2020-09-01",
    "enabled": "t"
  },
  {
    "idx": "5151005",
    "idx2": "5151006",
    "dbcode": 0,
    "grade": 5,
    "code": "",
    "en_name": "Relaxing Beach",
    "jp_name": "",
    "kr_name": "나른한 해변",
    "image1": "pc191_01.jpg",
    "restriction": "",
    "ability": "For World Bosses, increase Max ATK by 10% when equipped\t",
    "notes": "",
    "date": "2020-09-01",
    "enabled": "t"
  },
  {
    "idx": "5130145",
    "idx2": "",
    "dbcode": 0,
    "grade": 3,
    "code": "",
    "en_name": "Secret Date",
    "jp_name": "",
    "kr_name": "비밀스러운 데이트",
    "image1": "pc039_01.jpg",
    "restriction": "Forest",
    "ability": "Increase Max HP by 200\t",
    "notes": "",
    "date": "2020-09-01",
    "enabled": "t"
  },
  {
    "idx": "5150805",
    "idx2": "5150806",
    "dbcode": 0,
    "grade": 5,
    "code": "",
    "en_name": "Best Friend Trio",
    "jp_name": "",
    "kr_name": "사이 좋은 세 사람",
    "image1": "pc162_01.jpg",
    "restriction": "None",
    "ability": "Increase Max ATK by 700 in PVP\t",
    "notes": "",
    "date": "2020-09-01",
    "enabled": "t"
  },
  {
    "idx": "5150235",
    "idx2": "5150236",
    "dbcode": 0,
    "grade": 5,
    "code": "",
    "en_name": "DIVE!",
    "jp_name": "",
    "kr_name": "썸머 브레이크!!",
    "image1": "pc016_01.jpg",
    "restriction": "Forest",
    "ability": "Increase Slide Skill CRT Damage by 5% in Raids\t",
    "notes": "",
    "date": "2020-09-01",
    "enabled": "t"
  },
  {
    "idx": "5150225",
    "idx2": "5150226",
    "dbcode": 0,
    "grade": 5,
    "code": "",
    "en_name": "Summer Festival Night",
    "jp_name": "",
    "kr_name": "한여름 불꽃놀이",
    "image1": "pc074_01.jpg",
    "restriction": "None",
    "ability": "Increase Bleed Damage by 220 in PvP\t",
    "notes": "",
    "date": "2020-09-01",
    "enabled": "t"
  },
  {
    "idx": "5150795",
    "idx2": "5150796",
    "dbcode": 0,
    "grade": 5,
    "code": "",
    "en_name": "Central Fiction",
    "jp_name": "",
    "kr_name": "신이 보는 꿈",
    "image1": "pc159_01.jpg",
    "restriction": "None",
    "ability": "Increase Silence EVA% in PVP by 20%\t",
    "notes": "",
    "date": "2020-09-01",
    "enabled": "t"
  },
  {
    "idx": "5150415",
    "idx2": "5150416",
    "dbcode": 0,
    "grade": 5,
    "code": "",
    "en_name": "Starry Stage",
    "jp_name": "",
    "kr_name": "스타라이트 스테이지",
    "image1": "pc106_01.jpg",
    "restriction": "Dark",
    "ability": "Weak Point Skill Final Blow 500 in raids\t",
    "notes": "",
    "date": "2020-09-01",
    "enabled": "t"
  },
  {
    "idx": "5140115",
    "idx2": "",
    "dbcode": 0,
    "grade": 4,
    "code": "",
    "en_name": "HERO",
    "jp_name": "",
    "kr_name": "HERO",
    "image1": "pc042_01.jpg",
    "restriction": "None",
    "ability": "Absorb 100 HP when attacking in PVP\t",
    "notes": "",
    "date": "2020-09-01",
    "enabled": "t"
  },
  {
    "idx": "5140105",
    "idx2": "",
    "dbcode": 0,
    "grade": 4,
    "code": "",
    "en_name": "Strategist's Night",
    "jp_name": "",
    "kr_name": "책략가의 밤",
    "image1": "pc038_01.jpg",
    "restriction": " Defencer",
    "ability": "Increase Max DEF by 10%\t",
    "notes": "",
    "date": "2020-09-01",
    "enabled": "t"
  },
  {
    "idx": "5150645",
    "idx2": "5150646",
    "dbcode": 0,
    "grade": 5,
    "code": "",
    "en_name": "Fresh Start",
    "jp_name": "",
    "kr_name": "심기일전",
    "image1": "pc143_01.jpg",
    "restriction": "",
    "ability": "Increase Tap Skill Damage by 5% when equipped during a Raid\t",
    "notes": "",
    "date": "2020-09-01",
    "enabled": "t"
  },
  {
    "idx": "5151055",
    "idx2": "5151056",
    "dbcode": 0,
    "grade": 5,
    "code": "",
    "en_name": "Thrilling Poker Card",
    "jp_name": "",
    "kr_name": "불타는 승부",
    "image1": "pc137_01.jpg",
    "restriction": "None",
    "ability": "When equipped, increases Final DEF by 550 in PVP\t",
    "notes": "",
    "date": "2020-09-01",
    "enabled": "t"
  },
  {
    "idx": "5150305",
    "idx2": "5150306",
    "dbcode": 0,
    "grade": 5,
    "code": "",
    "en_name": "Seventh Time Running Away",
    "jp_name": "",
    "kr_name": "가출, 7회차",
    "image1": "pc095_01.jpg",
    "restriction": "Light Attacker",
    "ability": "Increase Slide Skill Damage by 750 in Raids\t",
    "notes": "",
    "date": "2020-09-01",
    "enabled": "t"
  },
  {
    "idx": "5150065",
    "idx2": "5150066",
    "dbcode": 0,
    "grade": 5,
    "code": "",
    "en_name": "The Power of a Smile",
    "jp_name": "",
    "kr_name": "미소의 힘",
    "image1": "pc008_01.jpg",
    "restriction": "Forest Attacker",
    "ability": "Increase Poison EVA% by 35%\t",
    "notes": "",
    "date": "2020-09-01",
    "enabled": "t"
  },
  {
    "idx": "5150175",
    "idx2": "5150176",
    "dbcode": 0,
    "grade": 5,
    "code": "",
    "en_name": "A Promise Under Wisteria",
    "jp_name": "",
    "kr_name": "등나무 꽃의 약속",
    "image1": "pc049_01.jpg",
    "restriction": "Forest",
    "ability": "Increase Bleed EVA% by 35%\t",
    "notes": "",
    "date": "2020-09-01",
    "enabled": "t"
  },
  {
    "idx": "5150001",
    "idx2": "",
    "dbcode": 0,
    "grade": 5,
    "code": "",
    "en_name": "Galaxy Napping Place",
    "jp_name": "",
    "kr_name": "유니버셜카르타5성",
    "image1": "pc068_01.jpg",
    "restriction": "",
    "ability": "",
    "notes": "",
    "date": "2020-09-01",
    "enabled": "t"
  },
  {
    "idx": "5150605",
    "idx2": "5150606",
    "dbcode": 0,
    "grade": 5,
    "code": "",
    "en_name": "The Ultimate Struggle",
    "jp_name": "",
    "kr_name": "극한의 수라장",
    "image1": "pc133_01.jpg",
    "restriction": "None",
    "ability": "Increase heal amount by 150 when equipped\t",
    "notes": "",
    "date": "2020-09-01",
    "enabled": "t"
  },
  {
    "idx": "5140055",
    "idx2": "",
    "dbcode": 0,
    "grade": 4,
    "code": "",
    "en_name": "Today I'm Nice Moa",
    "jp_name": "",
    "kr_name": "오늘은 상냥한 모아예요~",
    "image1": "pc023_01.jpg",
    "restriction": "None",
    "ability": "Increase Poison Damage by 50\t",
    "notes": "",
    "date": "2020-09-01",
    "enabled": "t"
  },
  {
    "idx": "5150515",
    "idx2": "5150516",
    "dbcode": 0,
    "grade": 5,
    "code": "",
    "en_name": "Cake Aesthetics",
    "jp_name": "",
    "kr_name": "달콤한 과녁",
    "image1": "pc069_01.jpg",
    "restriction": "Fire",
    "ability": "Increase Max DEF by 1150 for World Bosses\t",
    "notes": "",
    "date": "2020-09-01",
    "enabled": "t"
  },
  {
    "idx": "5150905",
    "idx2": "5150906",
    "dbcode": 0,
    "grade": 5,
    "code": "",
    "en_name": "Anniversary!",
    "jp_name": "",
    "kr_name": "애니버서리 파티",
    "image1": "pc182_01.jpg",
    "restriction": "None",
    "ability": "Increase Max ATK by 586 in PVP\t",
    "notes": "",
    "date": "2020-09-01",
    "enabled": "t"
  },
  {
    "idx": "5150375",
    "idx2": "5150376",
    "dbcode": 0,
    "grade": 5,
    "code": "",
    "en_name": "Under the Roses",
    "jp_name": "",
    "kr_name": "뱀파이어 레이디",
    "image1": "pc105_01.jpg",
    "restriction": "Forest Attacker",
    "ability": "For World Bosses, increase Slide Skill Damage by 5% when equipped\t",
    "notes": "",
    "date": "2020-09-01",
    "enabled": "t"
  },
  {
    "idx": "5150315",
    "idx2": "5150316",
    "dbcode": 0,
    "grade": 5,
    "code": "",
    "en_name": "Warring Hearts",
    "jp_name": "",
    "kr_name": "두 개의 마음",
    "image1": "pc062_01.jpg",
    "restriction": " Attacker",
    "ability": "When equipped, absorbs 230 HP when attacking in PVP\t",
    "notes": "",
    "date": "2020-09-01",
    "enabled": "t"
  },
  {
    "idx": "5151085",
    "idx2": "5151086",
    "dbcode": 0,
    "grade": 5,
    "code": "",
    "en_name": "Beach Buffet",
    "jp_name": "",
    "kr_name": "비치 푸드 페스티벌",
    "image1": "pc198_01.jpg",
    "restriction": "Water",
    "ability": "When equipped, increase Poison Damage by 1550 for World Bosses\t",
    "notes": "",
    "date": "2020-09-01",
    "enabled": "t"
  },
  {
    "idx": "5140085",
    "idx2": "",
    "dbcode": 0,
    "grade": 4,
    "code": "",
    "en_name": "Time's Up!",
    "jp_name": "",
    "kr_name": "타임오버 입니다.",
    "image1": "pc035_01.jpg",
    "restriction": "None",
    "ability": "Increase Silence EVA% in PVP by 10%\t",
    "notes": "",
    "date": "2020-09-01",
    "enabled": "t"
  },
  {
    "idx": "5130055",
    "idx2": "",
    "dbcode": 0,
    "grade": 3,
    "code": "",
    "en_name": "Nautical Pop Star",
    "jp_name": "",
    "kr_name": "마린 아이돌",
    "image1": "pc019_01.jpg",
    "restriction": "Water",
    "ability": "Increase Poison Damage by 30\t",
    "notes": "",
    "date": "2020-09-01",
    "enabled": "t"
  },
  {
    "idx": "5150095",
    "idx2": "5150096",
    "dbcode": 0,
    "grade": 5,
    "code": "",
    "en_name": "Midnight Partner",
    "jp_name": "",
    "kr_name": "심야의 파트너",
    "image1": "pc051_01.jpg",
    "restriction": " Defencer",
    "ability": "Increase Damage Reflect by 3% in PVP\t",
    "notes": "",
    "date": "2020-09-01",
    "enabled": "t"
  },
  {
    "idx": "5150355",
    "idx2": "5150356",
    "dbcode": 0,
    "grade": 5,
    "code": "",
    "en_name": "Showtime!",
    "jp_name": "",
    "kr_name": "그랜드 일루젼!",
    "image1": "pc099_01.jpg",
    "restriction": "None",
    "ability": "Debuff EVA 10% when equipped\t",
    "notes": "",
    "date": "2020-09-01",
    "enabled": "t"
  },
  {
    "idx": "5130165",
    "idx2": "",
    "dbcode": 0,
    "grade": 3,
    "code": "",
    "en_name": "A Little Looter",
    "jp_name": "",
    "kr_name": "작은 습격자",
    "image1": "pc043_01.jpg",
    "restriction": " Attacker",
    "ability": "Increase ATK by 300\t",
    "notes": "",
    "date": "2020-09-01",
    "enabled": "t"
  },
  {
    "idx": "5130175",
    "idx2": "",
    "dbcode": 0,
    "grade": 3,
    "code": "",
    "en_name": "An Eager Employee",
    "jp_name": "",
    "kr_name": "성실한 노동자",
    "image1": "pc044_01.jpg",
    "restriction": "Dark",
    "ability": "Increase Max DEF by 200\t",
    "notes": "",
    "date": "2020-09-01",
    "enabled": "t"
  },
  {
    "idx": "5150615",
    "idx2": "5150616",
    "dbcode": 0,
    "grade": 5,
    "code": "",
    "en_name": "Blessed be the Lost Lamb",
    "jp_name": "",
    "kr_name": "어린양에게 축복을",
    "image1": "pc135_01.jpg",
    "restriction": "Fire",
    "ability": "Increase Slide Skill CRT Damage by 4000 in Raids\t",
    "notes": "",
    "date": "2020-09-01",
    "enabled": "t"
  },
  {
    "idx": "5150015",
    "idx2": "5150016",
    "dbcode": 0,
    "grade": 5,
    "code": "",
    "en_name": "With a Certain Priestess",
    "jp_name": "",
    "kr_name": "또한 사제의 영과 함께",
    "image1": "pc002_01.jpg",
    "restriction": "None",
    "ability": "Increase Recovery Block EVA% by 40%\t",
    "notes": "",
    "date": "2020-09-01",
    "enabled": "t"
  }
]
