{
  "1":{
    "1":{
      "type":"1",
      "inven_main":"1",
      "inven_sub":"1",
      "category":"1"
    },
    "3":{
      "type":"1",
      "inven_main":"1",
      "inven_sub":"3",
      "category":"3"
    },
    "2":{
      "type":"1",
      "inven_main":"1",
      "inven_sub":"2",
      "category":"2"
    },
    "5":{
      "type":"1",
      "inven_main":"2",
      "inven_sub":"3",
      "category":"5"
    },
    "4":{
      "type":"1",
      "inven_main":"2",
      "inven_sub":"2",
      "category":"4"
    }
  },
  "3":{
    "7":{
      "type":"3",
      "inven_main":"2",
      "inven_sub":"3",
      "category":"7"
    },
    "6":{
      "type":"3",
      "inven_main":"2",
      "inven_sub":"3",
      "category":"6"
    }
  },
  "2":{
    "8":{
      "type":"2",
      "inven_main":"1",
      "inven_sub":"4",
      "category":"8"
    },
    "18":{
      "type":"2",
      "inven_main":"1",
      "inven_sub":"4",
      "category":"18"
    }
  },
  "5":{
    "53":{
      "type":"5",
      "inven_main":"4",
      "inven_sub":"1",
      "category":"53"
    },
    "52":{
      "type":"5",
      "inven_main":"4",
      "inven_sub":"1",
      "category":"52"
    },
    "54":{
      "type":"5",
      "inven_main":"4",
      "inven_sub":"1",
      "category":"54"
    },
    "55":{
      "type":"5",
      "inven_main":"4",
      "inven_sub":"1",
      "category":"55"
    }
  },
  "4":{
    "42":{
      "type":"4",
      "inven_main":"4",
      "inven_sub":"2",
      "category":"42"
    },
    "43":{
      "type":"4",
      "inven_main":"4",
      "inven_sub":"2",
      "category":"43"
    },
    "45":{
      "type":"4",
      "inven_main":"4",
      "inven_sub":"2",
      "category":"45"
    },
    "44":{
      "type":"4",
      "inven_main":"4",
      "inven_sub":"2",
      "category":"44"
    }
  },
  "14":{
    "1":{
      "type":"14",
      "inven_main":"2",
      "inven_sub":"4",
      "category":"1"
    },
    "3":{
      "type":"14",
      "inven_main":"2",
      "inven_sub":"4",
      "category":"3"
    },
    "2":{
      "type":"14",
      "inven_main":"2",
      "inven_sub":"4",
      "category":"2"
    }
  },
  "13":{
    "1":{
      "type":"13",
      "inven_main":"2",
      "inven_sub":"4",
      "category":"1"
    },
    "4":{
      "type":"13",
      "inven_main":"2",
      "inven_sub":"4",
      "category":"4"
    },
    "3":{
      "type":"13",
      "inven_main":"2",
      "inven_sub":"4",
      "category":"3"
    },
    "2":{
      "type":"13",
      "inven_main":"2",
      "inven_sub":"4",
      "category":"2"
    }
  },
  "12":{
    "4":{
      "type":"12",
      "inven_main":"2",
      "inven_sub":"1",
      "category":"4"
    }
  },
  "21":{
    "25":{
      "type":"21",
      "inven_main":"3",
      "inven_sub":"3",
      "category":"25"
    },
    "24":{
      "type":"21",
      "inven_main":"3",
      "inven_sub":"2",
      "category":"24"
    },
    "26":{
      "type":"21",
      "inven_main":"3",
      "inven_sub":"4",
      "category":"26"
    },
    "20":{
      "type":"21",
      "inven_main":"3",
      "inven_sub":"5",
      "category":"20"
    },
    "23":{
      "type":"21",
      "inven_main":"3",
      "inven_sub":"1",
      "category":"23"
    }
  }
}