{
  "5150086":{
    "is_prism":"1",
    "item_idx":"5150086",
    "group_idx":"15008"
  },
  "5150405":{
    "is_prism":"0",
    "item_idx":"5150405",
    "group_idx":"15040"
  },
  "5150125":{
    "is_prism":"0",
    "item_idx":"5150125",
    "group_idx":"15012"
  },
  "5151026":{
    "is_prism":"1",
    "item_idx":"5151026",
    "group_idx":"15102"
  },
  "5150336":{
    "is_prism":"1",
    "item_idx":"5150336",
    "group_idx":"15033"
  },
  "5150036":{
    "is_prism":"1",
    "item_idx":"5150036",
    "group_idx":"15003"
  },
  "5150486":{
    "is_prism":"1",
    "item_idx":"5150486",
    "group_idx":"15048"
  },
  "5150395":{
    "is_prism":"0",
    "item_idx":"5150395",
    "group_idx":"15039"
  },
  "5150855":{
    "is_prism":"0",
    "item_idx":"5150855",
    "group_idx":"15085"
  },
  "5150045":{
    "is_prism":"0",
    "item_idx":"5150045",
    "group_idx":"15004"
  },
  "5150365":{
    "is_prism":"0",
    "item_idx":"5150365",
    "group_idx":"15036"
  },
  "5150035":{
    "is_prism":"0",
    "item_idx":"5150035",
    "group_idx":"15003"
  },
  "5151125":{
    "is_prism":"0",
    "item_idx":"5151125",
    "group_idx":"15112"
  },
  "5150925":{
    "is_prism":"0",
    "item_idx":"5150925",
    "group_idx":"15092"
  },
  "5151116":{
    "is_prism":"1",
    "item_idx":"5151116",
    "group_idx":"15111"
  },
  "5151136":{
    "is_prism":"1",
    "item_idx":"5151136",
    "group_idx":"15113"
  },
  "5150596":{
    "is_prism":"1",
    "item_idx":"5150596",
    "group_idx":"15059"
  },
  "5140045":{
    "is_prism":"0",
    "item_idx":"5140045",
    "group_idx":"14004"
  },
  "5140125":{
    "is_prism":"0",
    "item_idx":"5140125",
    "group_idx":"14012"
  },
  "5151126":{
    "is_prism":"1",
    "item_idx":"5151126",
    "group_idx":"15112"
  },
  "5150195":{
    "is_prism":"0",
    "item_idx":"5150195",
    "group_idx":"15019"
  },
  "5150226":{
    "is_prism":"1",
    "item_idx":"5150226",
    "group_idx":"15022"
  },
  "5151146":{
    "is_prism":"1",
    "item_idx":"5151146",
    "group_idx":"15114"
  },
  "5150255":{
    "is_prism":"0",
    "item_idx":"5150255",
    "group_idx":"15025"
  },
  "5150496":{
    "is_prism":"1",
    "item_idx":"5150496",
    "group_idx":"15049"
  },
  "5150635":{
    "is_prism":"0",
    "item_idx":"5150635",
    "group_idx":"15063"
  },
  "5150026":{
    "is_prism":"1",
    "item_idx":"5150026",
    "group_idx":"15002"
  },
  "5150146":{
    "is_prism":"1",
    "item_idx":"5150146",
    "group_idx":"15014"
  },
  "5150115":{
    "is_prism":"0",
    "item_idx":"5150115",
    "group_idx":"15011"
  },
  "5140035":{
    "is_prism":"0",
    "item_idx":"5140035",
    "group_idx":"14003"
  },
  "5140145":{
    "is_prism":"0",
    "item_idx":"5140145",
    "group_idx":"14014"
  },
  "5150605":{
    "is_prism":"0",
    "item_idx":"5150605",
    "group_idx":"15060"
  },
  "5150836":{
    "is_prism":"1",
    "item_idx":"5150836",
    "group_idx":"15083"
  },
  "5150165":{
    "is_prism":"0",
    "item_idx":"5150165",
    "group_idx":"15016"
  },
  "5150265":{
    "is_prism":"0",
    "item_idx":"5150265",
    "group_idx":"15026"
  },
  "5140015":{
    "is_prism":"0",
    "item_idx":"5140015",
    "group_idx":"14001"
  },
  "5140135":{
    "is_prism":"0",
    "item_idx":"5140135",
    "group_idx":"14013"
  },
  "5150156":{
    "is_prism":"1",
    "item_idx":"5150156",
    "group_idx":"15015"
  },
  "5151106":{
    "is_prism":"1",
    "item_idx":"5151106",
    "group_idx":"15110"
  },
  "5150665":{
    "is_prism":"0",
    "item_idx":"5150665",
    "group_idx":"15066"
  },
  "5140095":{
    "is_prism":"0",
    "item_idx":"5140095",
    "group_idx":"14009"
  },
  "5150145":{
    "is_prism":"0",
    "item_idx":"5150145",
    "group_idx":"15014"
  },
  "5150795":{
    "is_prism":"0",
    "item_idx":"5150795",
    "group_idx":"15079"
  },
  "5150526":{
    "is_prism":"1",
    "item_idx":"5150526",
    "group_idx":"15052"
  },
  "5150206":{
    "is_prism":"1",
    "item_idx":"5150206",
    "group_idx":"15020"
  },
  "5151035":{
    "is_prism":"0",
    "item_idx":"5151035",
    "group_idx":"15103"
  },
  "5150625":{
    "is_prism":"0",
    "item_idx":"5150625",
    "group_idx":"15062"
  },
  "5150275":{
    "is_prism":"0",
    "item_idx":"5150275",
    "group_idx":"15027"
  },
  "5150545":{
    "is_prism":"0",
    "item_idx":"5150545",
    "group_idx":"15054"
  },
  "5130145":{
    "is_prism":"0",
    "item_idx":"5130145",
    "group_idx":"13014"
  },
  "5140085":{
    "is_prism":"0",
    "item_idx":"5140085",
    "group_idx":"14008"
  },
  "5150346":{
    "is_prism":"1",
    "item_idx":"5150346",
    "group_idx":"15034"
  },
  "5150806":{
    "is_prism":"1",
    "item_idx":"5150806",
    "group_idx":"15080"
  },
  "5150516":{
    "is_prism":"1",
    "item_idx":"5150516",
    "group_idx":"15051"
  },
  "5150235":{
    "is_prism":"0",
    "item_idx":"5150235",
    "group_idx":"15023"
  },
  "5150225":{
    "is_prism":"0",
    "item_idx":"5150225",
    "group_idx":"15022"
  },
  "5151086":{
    "is_prism":"1",
    "item_idx":"5151086",
    "group_idx":"15108"
  },
  "5151056":{
    "is_prism":"1",
    "item_idx":"5151056",
    "group_idx":"15105"
  },
  "5150536":{
    "is_prism":"1",
    "item_idx":"5150536",
    "group_idx":"15053"
  },
  "5150656":{
    "is_prism":"1",
    "item_idx":"5150656",
    "group_idx":"15065"
  },
  "5150065":{
    "is_prism":"0",
    "item_idx":"5150065",
    "group_idx":"15006"
  },
  "5150105":{
    "is_prism":"0",
    "item_idx":"5150105",
    "group_idx":"15010"
  },
  "5151145":{
    "is_prism":"0",
    "item_idx":"5151145",
    "group_idx":"15114"
  },
  "5150515":{
    "is_prism":"0",
    "item_idx":"5150515",
    "group_idx":"15051"
  },
  "5150445":{
    "is_prism":"0",
    "item_idx":"5150445",
    "group_idx":"15044"
  },
  "5150686":{
    "is_prism":"1",
    "item_idx":"5150686",
    "group_idx":"15068"
  },
  "5150455":{
    "is_prism":"0",
    "item_idx":"5150455",
    "group_idx":"15045"
  },
  "5150095":{
    "is_prism":"0",
    "item_idx":"5150095",
    "group_idx":"15009"
  },
  "5150266":{
    "is_prism":"1",
    "item_idx":"5150266",
    "group_idx":"15026"
  },
  "5150355":{
    "is_prism":"0",
    "item_idx":"5150355",
    "group_idx":"15035"
  },
  "5150015":{
    "is_prism":"0",
    "item_idx":"5150015",
    "group_idx":"15001"
  },
  "5150976":{
    "is_prism":"1",
    "item_idx":"5150976",
    "group_idx":"15097"
  },
  "5130165":{
    "is_prism":"0",
    "item_idx":"5130165",
    "group_idx":"13016"
  },
  "5140055":{
    "is_prism":"0",
    "item_idx":"5140055",
    "group_idx":"14005"
  },
  "5151025":{
    "is_prism":"0",
    "item_idx":"5151025",
    "group_idx":"15102"
  },
  "5151155":{
    "is_prism":"0",
    "item_idx":"5151155",
    "group_idx":"15115"
  },
  "5150116":{
    "is_prism":"1",
    "item_idx":"5150116",
    "group_idx":"15011"
  },
  "5150326":{
    "is_prism":"1",
    "item_idx":"5150326",
    "group_idx":"15032"
  },
  "5150655":{
    "is_prism":"0",
    "item_idx":"5150655",
    "group_idx":"15065"
  },
  "5150926":{
    "is_prism":"1",
    "item_idx":"5150926",
    "group_idx":"15092"
  },
  "5150025":{
    "is_prism":"0",
    "item_idx":"5150025",
    "group_idx":"15002"
  },
  "5130175":{
    "is_prism":"0",
    "item_idx":"5130175",
    "group_idx":"13017"
  },
  "5150216":{
    "is_prism":"1",
    "item_idx":"5150216",
    "group_idx":"15021"
  },
  "5150215":{
    "is_prism":"0",
    "item_idx":"5150215",
    "group_idx":"15021"
  },
  "5150456":{
    "is_prism":"1",
    "item_idx":"5150456",
    "group_idx":"15045"
  },
  "5150426":{
    "is_prism":"1",
    "item_idx":"5150426",
    "group_idx":"15042"
  },
  "5140115":{
    "is_prism":"0",
    "item_idx":"5140115",
    "group_idx":"14011"
  },
  "5150075":{
    "is_prism":"0",
    "item_idx":"5150075",
    "group_idx":"15007"
  },
  "5150096":{
    "is_prism":"1",
    "item_idx":"5150096",
    "group_idx":"15009"
  },
  "5150595":{
    "is_prism":"0",
    "item_idx":"5150595",
    "group_idx":"15059"
  },
  "5150085":{
    "is_prism":"0",
    "item_idx":"5150085",
    "group_idx":"15008"
  },
  "5150425":{
    "is_prism":"0",
    "item_idx":"5150425",
    "group_idx":"15042"
  },
  "5150955":{
    "is_prism":"0",
    "item_idx":"5150955",
    "group_idx":"15095"
  },
  "5150286":{
    "is_prism":"1",
    "item_idx":"5150286",
    "group_idx":"15028"
  },
  "5151095":{
    "is_prism":"0",
    "item_idx":"5151095",
    "group_idx":"15109"
  },
  "5150396":{
    "is_prism":"1",
    "item_idx":"5150396",
    "group_idx":"15039"
  },
  "5151105":{
    "is_prism":"0",
    "item_idx":"5151105",
    "group_idx":"15110"
  },
  "5150805":{
    "is_prism":"0",
    "item_idx":"5150805",
    "group_idx":"15080"
  },
  "5150525":{
    "is_prism":"0",
    "item_idx":"5150525",
    "group_idx":"15052"
  },
  "5150956":{
    "is_prism":"1",
    "item_idx":"5150956",
    "group_idx":"15095"
  },
  "5150675":{
    "is_prism":"0",
    "item_idx":"5150675",
    "group_idx":"15067"
  },
  "5150376":{
    "is_prism":"1",
    "item_idx":"5150376",
    "group_idx":"15037"
  },
  "5150155":{
    "is_prism":"0",
    "item_idx":"5150155",
    "group_idx":"15015"
  },
  "5150446":{
    "is_prism":"1",
    "item_idx":"5150446",
    "group_idx":"15044"
  },
  "5130075":{
    "is_prism":"0",
    "item_idx":"5130075",
    "group_idx":"13007"
  },
  "5150136":{
    "is_prism":"1",
    "item_idx":"5150136",
    "group_idx":"15013"
  },
  "5150246":{
    "is_prism":"1",
    "item_idx":"5150246",
    "group_idx":"15024"
  },
  "5150856":{
    "is_prism":"1",
    "item_idx":"5150856",
    "group_idx":"15085"
  },
  "5150495":{
    "is_prism":"0",
    "item_idx":"5150495",
    "group_idx":"15049"
  },
  "5150416":{
    "is_prism":"1",
    "item_idx":"5150416",
    "group_idx":"15041"
  },
  "5130155":{
    "is_prism":"0",
    "item_idx":"5130155",
    "group_idx":"13015"
  },
  "5150666":{
    "is_prism":"1",
    "item_idx":"5150666",
    "group_idx":"15066"
  },
  "5150435":{
    "is_prism":"0",
    "item_idx":"5150435",
    "group_idx":"15043"
  },
  "5130025":{
    "is_prism":"0",
    "item_idx":"5130025",
    "group_idx":"13002"
  },
  "5150256":{
    "is_prism":"1",
    "item_idx":"5150256",
    "group_idx":"15025"
  },
  "5150056":{
    "is_prism":"1",
    "item_idx":"5150056",
    "group_idx":"15005"
  },
  "5140065":{
    "is_prism":"0",
    "item_idx":"5140065",
    "group_idx":"14006"
  },
  "5150375":{
    "is_prism":"0",
    "item_idx":"5150375",
    "group_idx":"15037"
  },
  "5150335":{
    "is_prism":"0",
    "item_idx":"5150335",
    "group_idx":"15033"
  },
  "5150175":{
    "is_prism":"0",
    "item_idx":"5150175",
    "group_idx":"15017"
  },
  "5150485":{
    "is_prism":"0",
    "item_idx":"5150485",
    "group_idx":"15048"
  },
  "5150385":{
    "is_prism":"0",
    "item_idx":"5150385",
    "group_idx":"15038"
  },
  "5130015":{
    "is_prism":"0",
    "item_idx":"5130015",
    "group_idx":"13001"
  },
  "5150066":{
    "is_prism":"1",
    "item_idx":"5150066",
    "group_idx":"15006"
  },
  "5150245":{
    "is_prism":"0",
    "item_idx":"5150245",
    "group_idx":"15024"
  },
  "5150345":{
    "is_prism":"0",
    "item_idx":"5150345",
    "group_idx":"15034"
  },
  "5150295":{
    "is_prism":"0",
    "item_idx":"5150295",
    "group_idx":"15029"
  },
  "5150285":{
    "is_prism":"0",
    "item_idx":"5150285",
    "group_idx":"15028"
  },
  "5150575":{
    "is_prism":"0",
    "item_idx":"5150575",
    "group_idx":"15057"
  },
  "5150325":{
    "is_prism":"0",
    "item_idx":"5150325",
    "group_idx":"15032"
  },
  "5150406":{
    "is_prism":"1",
    "item_idx":"5150406",
    "group_idx":"15040"
  },
  "5150135":{
    "is_prism":"0",
    "item_idx":"5150135",
    "group_idx":"15013"
  },
  "5150126":{
    "is_prism":"1",
    "item_idx":"5150126",
    "group_idx":"15012"
  },
  "5150606":{
    "is_prism":"1",
    "item_idx":"5150606",
    "group_idx":"15060"
  },
  "5150796":{
    "is_prism":"1",
    "item_idx":"5150796",
    "group_idx":"15079"
  },
  "5150505":{
    "is_prism":"0",
    "item_idx":"5150505",
    "group_idx":"15050"
  },
  "5150106":{
    "is_prism":"1",
    "item_idx":"5150106",
    "group_idx":"15010"
  },
  "5150185":{
    "is_prism":"0",
    "item_idx":"5150185",
    "group_idx":"15018"
  },
  "5150276":{
    "is_prism":"1",
    "item_idx":"5150276",
    "group_idx":"15027"
  },
  "5150975":{
    "is_prism":"0",
    "item_idx":"5150975",
    "group_idx":"15097"
  },
  "5151055":{
    "is_prism":"0",
    "item_idx":"5151055",
    "group_idx":"15105"
  },
  "5150016":{
    "is_prism":"1",
    "item_idx":"5150016",
    "group_idx":"15001"
  },
  "5150166":{
    "is_prism":"1",
    "item_idx":"5150166",
    "group_idx":"15016"
  },
  "5150046":{
    "is_prism":"1",
    "item_idx":"5150046",
    "group_idx":"15004"
  },
  "5150676":{
    "is_prism":"1",
    "item_idx":"5150676",
    "group_idx":"15067"
  },
  "5140025":{
    "is_prism":"0",
    "item_idx":"5140025",
    "group_idx":"14002"
  },
  "5150316":{
    "is_prism":"1",
    "item_idx":"5150316",
    "group_idx":"15031"
  },
  "5140105":{
    "is_prism":"0",
    "item_idx":"5140105",
    "group_idx":"14010"
  },
  "5150205":{
    "is_prism":"0",
    "item_idx":"5150205",
    "group_idx":"15020"
  },
  "5150946":{
    "is_prism":"1",
    "item_idx":"5150946",
    "group_idx":"15094"
  },
  "5150176":{
    "is_prism":"1",
    "item_idx":"5150176",
    "group_idx":"15017"
  },
  "5150055":{
    "is_prism":"0",
    "item_idx":"5150055",
    "group_idx":"15005"
  },
  "5150626":{
    "is_prism":"1",
    "item_idx":"5150626",
    "group_idx":"15062"
  },
  "5150546":{
    "is_prism":"1",
    "item_idx":"5150546",
    "group_idx":"15054"
  },
  "5151156":{
    "is_prism":"1",
    "item_idx":"5151156",
    "group_idx":"15115"
  },
  "5150366":{
    "is_prism":"1",
    "item_idx":"5150366",
    "group_idx":"15036"
  },
  "5150555":{
    "is_prism":"0",
    "item_idx":"5150555",
    "group_idx":"15055"
  },
  "5150556":{
    "is_prism":"1",
    "item_idx":"5150556",
    "group_idx":"15055"
  },
  "5151036":{
    "is_prism":"1",
    "item_idx":"5151036",
    "group_idx":"15103"
  },
  "5150236":{
    "is_prism":"1",
    "item_idx":"5150236",
    "group_idx":"15023"
  },
  "5150356":{
    "is_prism":"1",
    "item_idx":"5150356",
    "group_idx":"15035"
  },
  "5150076":{
    "is_prism":"1",
    "item_idx":"5150076",
    "group_idx":"15007"
  },
  "5150636":{
    "is_prism":"1",
    "item_idx":"5150636",
    "group_idx":"15063"
  },
  "5150566":{
    "is_prism":"1",
    "item_idx":"5150566",
    "group_idx":"15056"
  },
  "5150415":{
    "is_prism":"0",
    "item_idx":"5150415",
    "group_idx":"15041"
  },
  "5150585":{
    "is_prism":"0",
    "item_idx":"5150585",
    "group_idx":"15058"
  },
  "5150586":{
    "is_prism":"1",
    "item_idx":"5150586",
    "group_idx":"15058"
  },
  "5140075":{
    "is_prism":"0",
    "item_idx":"5140075",
    "group_idx":"14007"
  },
  "5150196":{
    "is_prism":"1",
    "item_idx":"5150196",
    "group_idx":"15019"
  },
  "5150616":{
    "is_prism":"1",
    "item_idx":"5150616",
    "group_idx":"15061"
  },
  "5130001":{
    "is_prism":"0",
    "item_idx":"5130001",
    "group_idx":"13000"
  },
  "5150186":{
    "is_prism":"1",
    "item_idx":"5150186",
    "group_idx":"15018"
  },
  "5150565":{
    "is_prism":"0",
    "item_idx":"5150565",
    "group_idx":"15056"
  },
  "5150885":{
    "is_prism":"0",
    "item_idx":"5150885",
    "group_idx":"15088"
  },
  "5151096":{
    "is_prism":"1",
    "item_idx":"5151096",
    "group_idx":"15109"
  },
  "5150685":{
    "is_prism":"0",
    "item_idx":"5150685",
    "group_idx":"15068"
  },
  "5150305":{
    "is_prism":"0",
    "item_idx":"5150305",
    "group_idx":"15030"
  },
  "5150825":{
    "is_prism":"0",
    "item_idx":"5150825",
    "group_idx":"15082"
  },
  "5150826":{
    "is_prism":"1",
    "item_idx":"5150826",
    "group_idx":"15082"
  },
  "5150835":{
    "is_prism":"0",
    "item_idx":"5150835",
    "group_idx":"15083"
  },
  "5150296":{
    "is_prism":"1",
    "item_idx":"5150296",
    "group_idx":"15029"
  },
  "5150306":{
    "is_prism":"1",
    "item_idx":"5150306",
    "group_idx":"15030"
  },
  "5150436":{
    "is_prism":"1",
    "item_idx":"5150436",
    "group_idx":"15043"
  },
  "5150845":{
    "is_prism":"0",
    "item_idx":"5150845",
    "group_idx":"15084"
  },
  "5150905":{
    "is_prism":"0",
    "item_idx":"5150905",
    "group_idx":"15090"
  },
  "5150535":{
    "is_prism":"0",
    "item_idx":"5150535",
    "group_idx":"15053"
  },
  "5150315":{
    "is_prism":"0",
    "item_idx":"5150315",
    "group_idx":"15031"
  },
  "5151085":{
    "is_prism":"0",
    "item_idx":"5151085",
    "group_idx":"15108"
  },
  "5151135":{
    "is_prism":"0",
    "item_idx":"5151135",
    "group_idx":"15113"
  },
  "5130055":{
    "is_prism":"0",
    "item_idx":"5130055",
    "group_idx":"13005"
  },
  "5150001":{
    "is_prism":"0",
    "item_idx":"5150001",
    "group_idx":"15000"
  },
  "5140001":{
    "is_prism":"0",
    "item_idx":"5140001",
    "group_idx":"14000"
  },
  "5150846":{
    "is_prism":"1",
    "item_idx":"5150846",
    "group_idx":"15084"
  },
  "5150886":{
    "is_prism":"1",
    "item_idx":"5150886",
    "group_idx":"15088"
  },
  "5150506":{
    "is_prism":"1",
    "item_idx":"5150506",
    "group_idx":"15050"
  },
  "5150945":{
    "is_prism":"0",
    "item_idx":"5150945",
    "group_idx":"15094"
  },
  "5150906":{
    "is_prism":"1",
    "item_idx":"5150906",
    "group_idx":"15090"
  },
  "5150876":{
    "is_prism":"1",
    "item_idx":"5150876",
    "group_idx":"15087"
  },
  "5150386":{
    "is_prism":"1",
    "item_idx":"5150386",
    "group_idx":"15038"
  },
  "5150875":{
    "is_prism":"0",
    "item_idx":"5150875",
    "group_idx":"15087"
  },
  "5150576":{
    "is_prism":"1",
    "item_idx":"5150576",
    "group_idx":"15057"
  },
  "5150615":{
    "is_prism":"0",
    "item_idx":"5150615",
    "group_idx":"15061"
  },
  "5151115":{
    "is_prism":"0",
    "item_idx":"5151115",
    "group_idx":"15111"
  }
}