{
  "3011":{
    "10":{
      "enhancement":"10",
      "type":"1",
      "idx":"3011",
      "value":"100"
    },
    "11":{
      "enhancement":"11",
      "type":"1",
      "idx":"3011",
      "value":"110"
    },
    "12":{
      "enhancement":"12",
      "type":"1",
      "idx":"3011",
      "value":"120"
    },
    "13":{
      "enhancement":"13",
      "type":"1",
      "idx":"3011",
      "value":"130"
    },
    "17":{
      "enhancement":"17",
      "type":"1",
      "idx":"3011",
      "value":"170"
    },
    "16":{
      "enhancement":"16",
      "type":"1",
      "idx":"3011",
      "value":"160"
    },
    "8":{
      "enhancement":"8",
      "type":"1",
      "idx":"3011",
      "value":"80"
    },
    "14":{
      "enhancement":"14",
      "type":"1",
      "idx":"3011",
      "value":"140"
    },
    "28":{
      "enhancement":"28",
      "type":"1",
      "idx":"3011",
      "value":"280"
    },
    "29":{
      "enhancement":"29",
      "type":"1",
      "idx":"3011",
      "value":"290"
    },
    "30":{
      "enhancement":"30",
      "type":"1",
      "idx":"3011",
      "value":"300"
    },
    "9":{
      "enhancement":"9",
      "type":"1",
      "idx":"3011",
      "value":"90"
    },
    "4":{
      "enhancement":"4",
      "type":"1",
      "idx":"3011",
      "value":"40"
    },
    "5":{
      "enhancement":"5",
      "type":"1",
      "idx":"3011",
      "value":"50"
    },
    "1":{
      "enhancement":"1",
      "type":"1",
      "idx":"3011",
      "value":"10"
    },
    "15":{
      "enhancement":"15",
      "type":"1",
      "idx":"3011",
      "value":"150"
    },
    "3":{
      "enhancement":"3",
      "type":"1",
      "idx":"3011",
      "value":"30"
    },
    "2":{
      "enhancement":"2",
      "type":"1",
      "idx":"3011",
      "value":"20"
    },
    "19":{
      "enhancement":"19",
      "type":"1",
      "idx":"3011",
      "value":"190"
    },
    "18":{
      "enhancement":"18",
      "type":"1",
      "idx":"3011",
      "value":"180"
    },
    "7":{
      "enhancement":"7",
      "type":"1",
      "idx":"3011",
      "value":"70"
    },
    "6":{
      "enhancement":"6",
      "type":"1",
      "idx":"3011",
      "value":"60"
    },
    "25":{
      "enhancement":"25",
      "type":"1",
      "idx":"3011",
      "value":"250"
    },
    "24":{
      "enhancement":"24",
      "type":"1",
      "idx":"3011",
      "value":"240"
    },
    "27":{
      "enhancement":"27",
      "type":"1",
      "idx":"3011",
      "value":"270"
    },
    "26":{
      "enhancement":"26",
      "type":"1",
      "idx":"3011",
      "value":"260"
    },
    "20":{
      "enhancement":"20",
      "type":"1",
      "idx":"3011",
      "value":"200"
    },
    "21":{
      "enhancement":"21",
      "type":"1",
      "idx":"3011",
      "value":"210"
    },
    "22":{
      "enhancement":"22",
      "type":"1",
      "idx":"3011",
      "value":"220"
    },
    "23":{
      "enhancement":"23",
      "type":"1",
      "idx":"3011",
      "value":"230"
    }
  },
  "4011":{
    "37":{
      "enhancement":"37",
      "type":"1",
      "idx":"4011",
      "value":"555"
    },
    "35":{
      "enhancement":"35",
      "type":"1",
      "idx":"4011",
      "value":"525"
    },
    "39":{
      "enhancement":"39",
      "type":"1",
      "idx":"4011",
      "value":"585"
    },
    "29":{
      "enhancement":"29",
      "type":"1",
      "idx":"4011",
      "value":"435"
    },
    "1":{
      "enhancement":"1",
      "type":"1",
      "idx":"4011",
      "value":"15"
    },
    "3":{
      "enhancement":"3",
      "type":"1",
      "idx":"4011",
      "value":"45"
    },
    "2":{
      "enhancement":"2",
      "type":"1",
      "idx":"4011",
      "value":"30"
    },
    "5":{
      "enhancement":"5",
      "type":"1",
      "idx":"4011",
      "value":"75"
    },
    "4":{
      "enhancement":"4",
      "type":"1",
      "idx":"4011",
      "value":"60"
    },
    "7":{
      "enhancement":"7",
      "type":"1",
      "idx":"4011",
      "value":"105"
    },
    "6":{
      "enhancement":"6",
      "type":"1",
      "idx":"4011",
      "value":"90"
    },
    "9":{
      "enhancement":"9",
      "type":"1",
      "idx":"4011",
      "value":"135"
    },
    "8":{
      "enhancement":"8",
      "type":"1",
      "idx":"4011",
      "value":"120"
    },
    "27":{
      "enhancement":"27",
      "type":"1",
      "idx":"4011",
      "value":"405"
    },
    "17":{
      "enhancement":"17",
      "type":"1",
      "idx":"4011",
      "value":"255"
    },
    "13":{
      "enhancement":"13",
      "type":"1",
      "idx":"4011",
      "value":"195"
    },
    "21":{
      "enhancement":"21",
      "type":"1",
      "idx":"4011",
      "value":"315"
    },
    "11":{
      "enhancement":"11",
      "type":"1",
      "idx":"4011",
      "value":"165"
    },
    "23":{
      "enhancement":"23",
      "type":"1",
      "idx":"4011",
      "value":"345"
    },
    "40":{
      "enhancement":"40",
      "type":"1",
      "idx":"4011",
      "value":"600"
    },
    "36":{
      "enhancement":"36",
      "type":"1",
      "idx":"4011",
      "value":"540"
    },
    "34":{
      "enhancement":"34",
      "type":"1",
      "idx":"4011",
      "value":"510"
    },
    "28":{
      "enhancement":"28",
      "type":"1",
      "idx":"4011",
      "value":"420"
    },
    "38":{
      "enhancement":"38",
      "type":"1",
      "idx":"4011",
      "value":"570"
    },
    "10":{
      "enhancement":"10",
      "type":"1",
      "idx":"4011",
      "value":"150"
    },
    "33":{
      "enhancement":"33",
      "type":"1",
      "idx":"4011",
      "value":"495"
    },
    "12":{
      "enhancement":"12",
      "type":"1",
      "idx":"4011",
      "value":"180"
    },
    "31":{
      "enhancement":"31",
      "type":"1",
      "idx":"4011",
      "value":"465"
    },
    "15":{
      "enhancement":"15",
      "type":"1",
      "idx":"4011",
      "value":"225"
    },
    "18":{
      "enhancement":"18",
      "type":"1",
      "idx":"4011",
      "value":"270"
    },
    "19":{
      "enhancement":"19",
      "type":"1",
      "idx":"4011",
      "value":"285"
    },
    "25":{
      "enhancement":"25",
      "type":"1",
      "idx":"4011",
      "value":"375"
    },
    "14":{
      "enhancement":"14",
      "type":"1",
      "idx":"4011",
      "value":"210"
    },
    "24":{
      "enhancement":"24",
      "type":"1",
      "idx":"4011",
      "value":"360"
    },
    "16":{
      "enhancement":"16",
      "type":"1",
      "idx":"4011",
      "value":"240"
    },
    "26":{
      "enhancement":"26",
      "type":"1",
      "idx":"4011",
      "value":"390"
    },
    "20":{
      "enhancement":"20",
      "type":"1",
      "idx":"4011",
      "value":"300"
    },
    "30":{
      "enhancement":"30",
      "type":"1",
      "idx":"4011",
      "value":"450"
    },
    "22":{
      "enhancement":"22",
      "type":"1",
      "idx":"4011",
      "value":"330"
    },
    "32":{
      "enhancement":"32",
      "type":"1",
      "idx":"4011",
      "value":"480"
    }
  },
  "5011":{
    "43":{
      "enhancement":"43",
      "type":"1",
      "idx":"5011",
      "value":"860"
    },
    "41":{
      "enhancement":"41",
      "type":"1",
      "idx":"5011",
      "value":"820"
    },
    "47":{
      "enhancement":"47",
      "type":"1",
      "idx":"5011",
      "value":"940"
    },
    "37":{
      "enhancement":"37",
      "type":"1",
      "idx":"5011",
      "value":"740"
    },
    "45":{
      "enhancement":"45",
      "type":"1",
      "idx":"5011",
      "value":"900"
    },
    "35":{
      "enhancement":"35",
      "type":"1",
      "idx":"5011",
      "value":"700"
    },
    "49":{
      "enhancement":"49",
      "type":"1",
      "idx":"5011",
      "value":"980"
    },
    "39":{
      "enhancement":"39",
      "type":"1",
      "idx":"5011",
      "value":"780"
    },
    "29":{
      "enhancement":"29",
      "type":"1",
      "idx":"5011",
      "value":"580"
    },
    "1":{
      "enhancement":"1",
      "type":"1",
      "idx":"5011",
      "value":"20"
    },
    "3":{
      "enhancement":"3",
      "type":"1",
      "idx":"5011",
      "value":"60"
    },
    "2":{
      "enhancement":"2",
      "type":"1",
      "idx":"5011",
      "value":"40"
    },
    "5":{
      "enhancement":"5",
      "type":"1",
      "idx":"5011",
      "value":"100"
    },
    "4":{
      "enhancement":"4",
      "type":"1",
      "idx":"5011",
      "value":"80"
    },
    "7":{
      "enhancement":"7",
      "type":"1",
      "idx":"5011",
      "value":"140"
    },
    "6":{
      "enhancement":"6",
      "type":"1",
      "idx":"5011",
      "value":"120"
    },
    "9":{
      "enhancement":"9",
      "type":"1",
      "idx":"5011",
      "value":"180"
    },
    "8":{
      "enhancement":"8",
      "type":"1",
      "idx":"5011",
      "value":"160"
    },
    "27":{
      "enhancement":"27",
      "type":"1",
      "idx":"5011",
      "value":"540"
    },
    "17":{
      "enhancement":"17",
      "type":"1",
      "idx":"5011",
      "value":"340"
    },
    "13":{
      "enhancement":"13",
      "type":"1",
      "idx":"5011",
      "value":"260"
    },
    "21":{
      "enhancement":"21",
      "type":"1",
      "idx":"5011",
      "value":"420"
    },
    "11":{
      "enhancement":"11",
      "type":"1",
      "idx":"5011",
      "value":"220"
    },
    "23":{
      "enhancement":"23",
      "type":"1",
      "idx":"5011",
      "value":"460"
    },
    "42":{
      "enhancement":"42",
      "type":"1",
      "idx":"5011",
      "value":"840"
    },
    "40":{
      "enhancement":"40",
      "type":"1",
      "idx":"5011",
      "value":"800"
    },
    "50":{
      "enhancement":"50",
      "type":"1",
      "idx":"5011",
      "value":"1000"
    },
    "36":{
      "enhancement":"36",
      "type":"1",
      "idx":"5011",
      "value":"720"
    },
    "46":{
      "enhancement":"46",
      "type":"1",
      "idx":"5011",
      "value":"920"
    },
    "34":{
      "enhancement":"34",
      "type":"1",
      "idx":"5011",
      "value":"680"
    },
    "44":{
      "enhancement":"44",
      "type":"1",
      "idx":"5011",
      "value":"880"
    },
    "48":{
      "enhancement":"48",
      "type":"1",
      "idx":"5011",
      "value":"960"
    },
    "28":{
      "enhancement":"28",
      "type":"1",
      "idx":"5011",
      "value":"560"
    },
    "38":{
      "enhancement":"38",
      "type":"1",
      "idx":"5011",
      "value":"760"
    },
    "10":{
      "enhancement":"10",
      "type":"1",
      "idx":"5011",
      "value":"200"
    },
    "33":{
      "enhancement":"33",
      "type":"1",
      "idx":"5011",
      "value":"660"
    },
    "12":{
      "enhancement":"12",
      "type":"1",
      "idx":"5011",
      "value":"240"
    },
    "31":{
      "enhancement":"31",
      "type":"1",
      "idx":"5011",
      "value":"620"
    },
    "15":{
      "enhancement":"15",
      "type":"1",
      "idx":"5011",
      "value":"300"
    },
    "18":{
      "enhancement":"18",
      "type":"1",
      "idx":"5011",
      "value":"360"
    },
    "19":{
      "enhancement":"19",
      "type":"1",
      "idx":"5011",
      "value":"380"
    },
    "25":{
      "enhancement":"25",
      "type":"1",
      "idx":"5011",
      "value":"500"
    },
    "14":{
      "enhancement":"14",
      "type":"1",
      "idx":"5011",
      "value":"280"
    },
    "24":{
      "enhancement":"24",
      "type":"1",
      "idx":"5011",
      "value":"480"
    },
    "16":{
      "enhancement":"16",
      "type":"1",
      "idx":"5011",
      "value":"320"
    },
    "26":{
      "enhancement":"26",
      "type":"1",
      "idx":"5011",
      "value":"520"
    },
    "20":{
      "enhancement":"20",
      "type":"1",
      "idx":"5011",
      "value":"400"
    },
    "30":{
      "enhancement":"30",
      "type":"1",
      "idx":"5011",
      "value":"600"
    },
    "22":{
      "enhancement":"22",
      "type":"1",
      "idx":"5011",
      "value":"440"
    },
    "32":{
      "enhancement":"32",
      "type":"1",
      "idx":"5011",
      "value":"640"
    }
  }
}