{"5130001":{"idx":"5130001","view_idx":"pc066_01","name":"유니버셜카르타3성","grade":3,"status":{"hp":21,"atk":21},"status_max":{"atk":1051,"hp":1051},"options":[],"options_max":[],"prisma":0},"5130015":{"idx":"5130015","view_idx":"pc088_01","name":"DOA코코로","grade":3,"status":{"atk":280,"def":260},"status_max":{"atk":1427,"def":1398},"options":{"1":{"idx":"1300150","value":"100"}},"options_max":{"1":{"idx":"1300153","value":"250"}},"text_max":"最終クリティカル250増加","text":"最終クリティカル100増加\t","prisma":0},"5130025":{"idx":"5130025","view_idx":"pc093_01","name":"DOA미사키","grade":3,"status":{"cri":155,"def":270},"status_max":{"cri":1245,"def":1412},"options":{"1":{"idx":"1300250","value":"15"}},"options_max":{"1":{"idx":"1300253","value":"60"}},"text_max":"装着者が受ける持続回復量60増加","text":"装着者が受ける持続回復量15増加\t","prisma":0},"5130055":{"idx":"5130055","view_idx":"pc019_01","name":"마린 아이돌","grade":3,"status":{"hp":520,"agi":145},"status_max":{"agi":1231,"hp":1775},"options":{"1":{"idx":"1300550","value":"30"}},"options_max":{"1":{"idx":"1300553","value":"120"}},"text_max":"中毒ダメージ120増加","text":"中毒ダメージ30増加\t","prisma":0},"5130075":{"idx":"5130075","view_idx":"pc021_01","name":"스위트 프로포즈","grade":3,"status":{"hp":520,"atk":270},"status_max":{"atk":1412,"hp":1775},"options":{"1":{"idx":"1300750","value":"20"}},"options_max":{"1":{"idx":"1300753","value":"80"}},"text_max":"出血ダメージ80増加","text":"出血ダメージ20増加\t","prisma":0},"5130145":{"idx":"5130145","view_idx":"pc039_01","name":"비밀스러운 데이트","grade":3,"status":{"hp":520,"cri":145},"status_max":{"cri":1231,"hp":1775},"options":{"1":{"idx":"1301450","value":"200"}},"options_max":{"1":{"idx":"1301453","value":"800"}},"text_max":"最終HP800増加","text":"最終HP200増加\t","prisma":0},"5130155":{"idx":"5130155","view_idx":"pc040_01","name":"오후의 관측","grade":3,"status":{"hp":520,"def":270},"status_max":{"hp":1775,"def":1412},"options":{"1":{"idx":"1301550","value":"20"}},"options_max":{"1":{"idx":"1301553","value":"80"}},"text_max":"呪いダメージ80増加","text":"呪いダメージ20増加\t","prisma":0},"5130165":{"idx":"5130165","view_idx":"pc043_01","name":"작은 습격자","grade":3,"status":{"atk":270,"agi":145},"status_max":{"agi":1231,"atk":1412},"options":{"1":{"idx":"1301650","value":"300"}},"options_max":{"1":{"idx":"1301653","value":"600"}},"text_max":"最終攻撃力600増加","text":"最終攻撃力300増加\t","prisma":0},"5130175":{"idx":"5130175","view_idx":"pc044_01","name":"성실한 노동자","grade":3,"status":{"atk":270,"cri":145},"status_max":{"atk":1412,"cri":1231},"options":{"1":{"idx":"1301750","value":"200"}},"options_max":{"1":{"idx":"1301753","value":"500"}},"text_max":"最終防御力500増加","text":"最終防御力200増加\t","prisma":0},"5140001":{"idx":"5140001","view_idx":"pc067_01","name":"유니버셜카르타4성","grade":4,"status":{"hp":21,"atk":21},"status_max":{"atk":1401,"hp":1401},"options":[],"options_max":[],"prisma":0},"5140015":{"idx":"5140015","view_idx":"pc083_01","name":"레이시아","grade":4,"status":{"hp":795,"def":405},"status_max":{"hp":2640,"def":2016},"options":{"1":{"idx":"1400150","value":"2%%"}},"options_max":{"1":{"idx":"1400154","value":"6%%"}},"text_max":"最終攻撃力の6%を最終クリティカルに追加","text":"最終攻撃力の2%を最終クリティカルに追加\t","prisma":0},"5140025":{"idx":"5140025","view_idx":"pc073_01","name":"푸른 하늘을 올려다 보며","grade":4,"status":{"atk":435,"agi":211},"status_max":{"agi":1705,"atk":2064},"options":{"1":{"idx":"1400250","value":"3%%"}},"options_max":{"1":{"idx":"1400254","value":"7%%"}},"text_max":"最終攻撃力の7%を最終機敏性に追加","text":"最終攻撃力の3%を最終機敏性に追加\t","prisma":0},"5140035":{"idx":"5140035","view_idx":"pc089_01","name":"DOA루나","grade":4,"status":{"agi":215,"def":400},"status_max":{"agi":1712,"def":2008},"options":{"1":{"idx":"1400350","value":"15%%"}},"options_max":{"1":{"idx":"1400354","value":"21%%"}},"text_max":"デビルランブルでの失明回避率21%増加","text":"デビルランブルでの失明回避率15%増加\t","prisma":0},"5140045":{"idx":"5140045","view_idx":"pc090_01","name":"DOA뇨텐구","grade":4,"status":{"hp":780,"cri":215},"status_max":{"cri":1712,"hp":2616},"options":{"1":{"idx":"1400450","value":"75"}},"options_max":{"1":{"idx":"1400454","value":"155"}},"text_max":"呪いダメージ155増加","text":"呪いダメージ75増加\t","prisma":0},"5140055":{"idx":"5140055","view_idx":"pc023_01","name":"오늘은 상냥한 모아예요~","grade":4,"status":{"hp":770,"agi":207},"status_max":{"agi":1699,"hp":2600},"options":{"1":{"idx":"1400550","value":"50"}},"options_max":{"1":{"idx":"1400554","value":"250"}},"text_max":"中毒ダメージ250増加","text":"中毒ダメージ50増加\t","prisma":0},"5140065":{"idx":"5140065","view_idx":"pc024_01","name":"여신의 세례","grade":4,"status":{"hp":770,"def":395},"status_max":{"hp":2600,"def":2000},"options":{"1":{"idx":"1400650","value":"25"}},"options_max":{"1":{"idx":"1400654","value":"125"}},"text_max":"装着者が受ける持続回復量125増加","text":"装着者が受ける持続回復量25増加\t","prisma":0},"5140075":{"idx":"5140075","view_idx":"pc022_01","name":"작전회의입니다!","grade":4,"status":{"hp":780,"def":405},"status_max":{"hp":2616,"def":2016},"options":{"1":{"idx":"1400750","value":"70"}},"options_max":{"1":{"idx":"1400754","value":"150"}},"text_max":"装着者が受ける出血ダメージ150減少","text":"装着者が受ける出血ダメージ70減少\t","prisma":0},"5140085":{"idx":"5140085","view_idx":"pc035_01","name":"타임오버 입니다.","grade":4,"status":{"hp":770,"atk":395},"status_max":{"atk":2000,"hp":2600},"options":{"1":{"idx":"1400850","value":"10%%"}},"options_max":{"1":{"idx":"1400854","value":"16%%"}},"text_max":"デビルランブルでの沈黙の回避率16%増加","text":"デビルランブルでの沈黙の回避率10%増加\t","prisma":0},"5140095":{"idx":"5140095","view_idx":"pc037_01","name":"하이 점프","grade":4,"status":{"atk":395,"cri":207},"status_max":{"atk":2000,"cri":1699},"options":{"1":{"idx":"1400950","value":"70"}},"options_max":{"1":{"idx":"1400954","value":"150"}},"text_max":"出血ダメージ150増加","text":"出血ダメージ70増加\t","prisma":0},"5140105":{"idx":"5140105","view_idx":"pc038_01","name":"책략가의 밤","grade":4,"status":{"hp":780,"def":400},"status_max":{"hp":2616,"def":2008},"options":{"1":{"idx":"1401050","value":"10%%"}},"options_max":{"1":{"idx":"1401054","value":"20%%"}},"text_max":"最終防御力20%増加","text":"最終防御力10%増加\t","prisma":0},"5140115":{"idx":"5140115","view_idx":"pc042_01","name":"HERO","grade":4,"status":{"atk":395,"agi":207},"status_max":{"agi":1699,"atk":2000},"options":{"1":{"idx":"1401150","value":"100"}},"options_max":{"1":{"idx":"1401154","value":"200"}},"text_max":"デビルランブルでの攻撃時HP200吸収","text":"デビルランブルでの攻撃時HP100吸収\t","prisma":0},"5140125":{"idx":"5140125","view_idx":"pc045_01","name":"드림팀","grade":4,"status":{"atk":420,"def":370},"status_max":{"atk":2040,"def":1960},"options":{"1":{"idx":"1401250","value":"700"}},"options_max":{"1":{"idx":"1401254","value":"1500"}},"text_max":"敵を倒すとHP1500回復","text":"敵を倒すとHP700回復\t","prisma":0},"5140135":{"idx":"5140135","view_idx":"pc036_01","name":"향락의 성","grade":4,"status":{"hp":780,"def":400},"status_max":{"hp":2616,"def":2008},"options":{"1":{"idx":"1401350","value":"400"}},"options_max":{"1":{"idx":"1401354","value":"800"}},"text_max":"装着者が受ける即時回復量800増加","text":"装着者が受ける即時回復量400増加\t","prisma":0},"5140145":{"idx":"5140145","view_idx":"pc176_01","name":"NIGHTMARE","grade":4,"status":{"atk":435,"cri":211},"status_max":{"atk":2064,"cri":1705},"options":{"1":{"idx":"1401450","value":"400"}},"options_max":{"1":{"idx":"1401454","value":"800"}},"text_max":"最終攻撃力800増加","text":"最終攻撃力400増加\t","prisma":0},"5150001":{"idx":"5150001","view_idx":"pc068_01","name":"유니버셜카르타5성","grade":5,"status":{"hp":21,"atk":21},"status_max":{"atk":1751,"hp":1751},"options":[],"options_max":[],"prisma":0},"5150015":{"idx":"5150015","view_idx":"pc002_01","name":"또한 사제의 영과 함께","grade":5,"status":{"hp":1020,"atk":520},"status_max":{"atk":2625,"hp":3500},"options":{"1":{"idx":"1500150","value":"40%%"}},"options_max":{"1":{"idx":"1500155","value":"65%%"}},"text_max":"回復不可の回避率65%増加","text":"回復不可の回避率40%増加\t","prisma":0},"5150016":{"idx":"5150016","view_idx":"pc002_01","name":"또한 사제의 영과 함께","grade":5,"status":{"hp":1038,"atk":526},"status_max":{"atk":2635,"hp":3531},"options":{"1":{"idx":"1500160","value":"41%%"}},"options_max":{"1":{"idx":"1500165","value":"66%%"}},"text_max":"回復不可の回避率66%増加","text":"回復不可の回避率41%増加\t","prisma":1},"5150025":{"idx":"5150025","view_idx":"pc003_01","name":"감청색의 소녀","grade":5,"status":{"atk":520,"agi":270},"status_max":{"agi":2187,"atk":2625},"options":{"1":{"idx":"1500250","value":"1000"}},"options_max":{"1":{"idx":"1500255","value":"1500"}},"text_max":"ワールドボスでの中毒ダメージ1500増加","text":"ワールドボスでの中毒ダメージ1000増加\t","prisma":0},"5150026":{"idx":"5150026","view_idx":"pc003_01","name":"감청색의 소녀","grade":5,"status":{"atk":526,"agi":278},"status_max":{"agi":2201,"atk":2635},"options":{"1":{"idx":"1500260","value":"1050"}},"options_max":{"1":{"idx":"1500265","value":"1550"}},"text_max":"ワールドボスでの中毒ダメージ1550増加","text":"ワールドボスでの中毒ダメージ1050増加\t","prisma":1},"5150035":{"idx":"5150035","view_idx":"pc015_01","name":"마아트 심판의 날","grade":5,"status":{"hp":1020,"def":520},"status_max":{"hp":3500,"def":2625},"options":{"1":{"idx":"1500350","value":"250"}},"options_max":{"1":{"idx":"1500355","value":"500"}},"text_max":"デビルランブルでの中毒ダメージ500減少","text":"デビルランブルでの中毒ダメージ250減少\t","prisma":0},"5150036":{"idx":"5150036","view_idx":"pc015_01","name":"마아트 심판의 날","grade":5,"status":{"hp":1038,"def":526},"status_max":{"hp":3531,"def":2635},"options":{"1":{"idx":"1500360","value":"265"}},"options_max":{"1":{"idx":"1500365","value":"515"}},"text_max":"デビルランブルでの中毒ダメージ515減少","text":"デビルランブルでの中毒ダメージ265減少\t","prisma":1},"5150045":{"idx":"5150045","view_idx":"pc005_01","name":"하늘에 닿는 긍지","grade":5,"status":{"atk":520,"cri":270},"status_max":{"atk":2625,"cri":2187},"options":{"1":{"idx":"1500450","value":"50%%"}},"options_max":{"1":{"idx":"1500455","value":"65%%"}},"text_max":"65%の確率で敵の挑発を無視して攻撃","text":"50%の確率で敵の挑発を無視して攻撃\t","prisma":0},"5150046":{"idx":"5150046","view_idx":"pc005_01","name":"하늘에 닿는 긍지","grade":5,"status":{"atk":526,"cri":278},"status_max":{"atk":2635,"cri":2201},"options":{"1":{"idx":"1500460","value":"51%%"}},"options_max":{"1":{"idx":"1500465","value":"66%%"}},"text_max":"66%の確率で敵の挑発を無視して攻撃","text":"51%の確率で敵の挑発を無視して攻撃\t","prisma":1},"5150055":{"idx":"5150055","view_idx":"pc028_01","name":"방랑하는 선비","grade":5,"status":{"atk":500,"def":540},"status_max":{"atk":2590,"def":2660},"options":{"1":{"idx":"1500550","value":"200"}},"options_max":{"1":{"idx":"1500555","value":"450"}},"text_max":"アンダーグラウンドでの吸血＆吸収量450増加(吸血or吸収スキル所持チャイルド限定発動)","text":"アンダーグラウンドでの吸血＆吸収量200増加(吸血or吸収スキル所持チャイルド限定発動)\t","prisma":0},"5150056":{"idx":"5150056","view_idx":"pc028_01","name":"방랑하는 선비","grade":5,"status":{"atk":505,"def":547},"status_max":{"atk":2598,"def":2672},"options":{"1":{"idx":"1500560","value":"215"}},"options_max":{"1":{"idx":"1500565","value":"465"}},"text_max":"アンダーグラウンドでの吸血＆吸収量465増加(吸血or吸収スキル所持チャイルド限定発動)","text":"アンダーグラウンドでの吸血＆吸収量215増加(吸血or吸収スキル所持チャイルド限定発動)\t","prisma":1},"5150065":{"idx":"5150065","view_idx":"pc008_01","name":"미소의 힘","grade":5,"status":{"hp":1020,"atk":520},"status_max":{"atk":2625,"hp":3500},"options":{"1":{"idx":"1500650","value":"35%%"}},"options_max":{"1":{"idx":"1500655","value":"50%%"}},"text_max":"中毒の回避率50%増加","text":"中毒の回避率35%増加\t","prisma":0},"5150066":{"idx":"5150066","view_idx":"pc008_01","name":"미소의 힘","grade":5,"status":{"hp":1038,"atk":526},"status_max":{"atk":2635,"hp":3531},"options":{"1":{"idx":"1500660","value":"35.5%%"}},"options_max":{"1":{"idx":"1500665","value":"50.5%%"}},"text_max":"中毒の回避率50.5%増加","text":"中毒の回避率35.5%増加\t","prisma":1},"5150075":{"idx":"5150075","view_idx":"pc009_01","name":"창백한 사냥꾼","grade":5,"status":{"atk":530,"agi":270},"status_max":{"agi":2187,"atk":2642},"options":{"1":{"idx":"1500750","value":"4000"}},"options_max":{"1":{"idx":"1500755","value":"6500"}},"text_max":"レイドでのクリティカル攻撃ダメージ6500増加","text":"レイドでのクリティカル攻撃ダメージ4000増加\t","prisma":0},"5150076":{"idx":"5150076","view_idx":"pc009_01","name":"창백한 사냥꾼","grade":5,"status":{"atk":536,"agi":278},"status_max":{"agi":2201,"atk":2653},"options":{"1":{"idx":"1500760","value":"4100"}},"options_max":{"1":{"idx":"1500765","value":"6600"}},"text_max":"レイドでのクリティカル攻撃ダメージ6600増加","text":"レイドでのクリティカル攻撃ダメージ4100増加\t","prisma":1},"5150085":{"idx":"5150085","view_idx":"pc011_01","name":"스페셜 테스크 포스","grade":5,"status":{"atk":530,"cri":270},"status_max":{"atk":2642,"cri":2187},"options":{"1":{"idx":"1500850","value":"200"}},"options_max":{"1":{"idx":"1500855","value":"300"}},"text_max":"呪いダメージ300増加","text":"呪いダメージ200増加\t","prisma":0},"5150086":{"idx":"5150086","view_idx":"pc011_01","name":"스페셜 테스크 포스","grade":5,"status":{"atk":536,"cri":278},"status_max":{"atk":2653,"cri":2201},"options":{"1":{"idx":"1500860","value":"220"}},"options_max":{"1":{"idx":"1500865","value":"320"}},"text_max":"呪いダメージ320増加","text":"呪いダメージ220増加\t","prisma":1},"5150095":{"idx":"5150095","view_idx":"pc051_01","name":"심야의 파트너","grade":5,"status":{"hp":1000,"def":530},"status_max":{"hp":3465,"def":2642},"options":{"1":{"idx":"1500950","value":"3%%"}},"options_max":{"1":{"idx":"1500955","value":"11.5%%"}},"text_max":"デビルランブルでのダメージ反射量11.5%増加","text":"デビルランブルでのダメージ反射量3%増加\t","prisma":0},"5150096":{"idx":"5150096","view_idx":"pc051_01","name":"심야의 파트너","grade":5,"status":{"hp":1018,"def":536},"status_max":{"hp":3496,"def":2653},"options":{"1":{"idx":"1500960","value":"3.5%%"}},"options_max":{"1":{"idx":"1500965","value":"12%%"}},"text_max":"デビルランブルでのダメージ反射量12%増加","text":"デビルランブルでのダメージ反射量3.5%増加\t","prisma":1},"5150105":{"idx":"5150105","view_idx":"pc014_01","name":"사탄의 왕좌","grade":5,"status":{"hp":1020,"def":520},"status_max":{"hp":3500,"def":2625},"options":{"1":{"idx":"1501050","value":"35%%"}},"options_max":{"1":{"idx":"1501055","value":"50%%"}},"text_max":"デビルランブルでの沈黙の回避率50%増加","text":"デビルランブルでの沈黙の回避率35%増加\t","prisma":0},"5150106":{"idx":"5150106","view_idx":"pc014_01","name":"사탄의 왕좌","grade":5,"status":{"hp":1038,"def":526},"status_max":{"hp":3531,"def":2635},"options":{"1":{"idx":"1501060","value":"35.5%%"}},"options_max":{"1":{"idx":"1501065","value":"50.5%%"}},"text_max":"デビルランブルでの沈黙の回避率50.5%増加","text":"デビルランブルでの沈黙の回避率35.5%増加\t","prisma":1},"5150115":{"idx":"5150115","view_idx":"pc031_01","name":"그 용사 사실은 악마","grade":5,"status":{"hp":1030,"def":520},"status_max":{"hp":3517,"def":2625},"options":{"1":{"idx":"1501150","value":"300"}},"options_max":{"1":{"idx":"1501155","value":"450"}},"text_max":"デビルランブルでスライドスキルに防御無視ダメージ450追加","text":"デビルランブルでスライドスキルに防御無視ダメージ300追加\t","prisma":0},"5150116":{"idx":"5150116","view_idx":"pc031_01","name":"그 용사 사실은 악마","grade":5,"status":{"hp":1048,"def":526},"status_max":{"hp":3549,"def":2635},"options":{"1":{"idx":"1501160","value":"315"}},"options_max":{"1":{"idx":"1501165","value":"465"}},"text_max":"デビルランブルでスライドスキルに防御無視ダメージ465追加","text":"デビルランブルでスライドスキルに防御無視ダメージ315追加\t","prisma":1},"5150125":{"idx":"5150125","view_idx":"pc050_01","name":"너는 사실 강하다","grade":5,"status":{"hp":1020,"atk":520},"status_max":{"atk":2625,"hp":3500},"options":{"1":{"idx":"1501250","value":"200"}},"options_max":{"1":{"idx":"1501255","value":"400"}},"text_max":"アンダーグラウンドでの出血ダメージ400増加","text":"アンダーグラウンドでの出血ダメージ200増加\t","prisma":0},"5150126":{"idx":"5150126","view_idx":"pc050_01","name":"너는 사실 강하다","grade":5,"status":{"hp":1038,"atk":526},"status_max":{"atk":2635,"hp":3531},"options":{"1":{"idx":"1501260","value":"210"}},"options_max":{"1":{"idx":"1501265","value":"410"}},"text_max":"アンダーグラウンドでの出血ダメージ410増加","text":"アンダーグラウンドでの出血ダメージ210増加\t","prisma":1},"5150135":{"idx":"5150135","view_idx":"pc061_01","name":"SOW","grade":5,"status":{"atk":500,"agi":270},"status_max":{"agi":2187,"atk":2590},"options":{"1":{"idx":"1501350","value":"350"}},"options_max":{"1":{"idx":"1501355","value":"600"}},"text_max":"アンダーグラウンドでの最終機敏性600増加","text":"アンダーグラウンドでの最終機敏性350増加\t","prisma":0},"5150136":{"idx":"5150136","view_idx":"pc061_01","name":"SOW","grade":5,"status":{"atk":505,"agi":278},"status_max":{"agi":2201,"atk":2598},"options":{"1":{"idx":"1501360","value":"365"}},"options_max":{"1":{"idx":"1501365","value":"615"}},"text_max":"アンダーグラウンドでの最終機敏性615増加","text":"アンダーグラウンドでの最終機敏性365増加\t","prisma":1},"5150145":{"idx":"5150145","view_idx":"pc013_01","name":"노곤노곤낮잠타임","grade":5,"status":{"hp":1040,"cri":270},"status_max":{"cri":2187,"hp":3535},"options":{"1":{"idx":"1501450","value":"30%%"}},"options_max":{"1":{"idx":"1501455","value":"55%%"}},"text_max":"ワールドボスでの持続ダメージ系デバフ命中率55%増加","text":"ワールドボスでの持続ダメージ系デバフ命中率30%増加\t","prisma":0},"5150146":{"idx":"5150146","view_idx":"pc013_01","name":"노곤노곤낮잠타임","grade":5,"status":{"hp":1058,"cri":278},"status_max":{"cri":2201,"hp":3566},"options":{"1":{"idx":"1501460","value":"31%%"}},"options_max":{"1":{"idx":"1501465","value":"56%%"}},"text_max":"ワールドボスでの持続ダメージ系デバフ命中率56%増加","text":"ワールドボスでの持続ダメージ系デバフ命中率31%増加\t","prisma":1},"5150155":{"idx":"5150155","view_idx":"pc055_01","name":"언더더씨","grade":5,"status":{"agi":280,"def":540},"status_max":{"agi":2205,"def":2660},"options":{"1":{"idx":"1501550","value":"500"}},"options_max":{"1":{"idx":"1501555","value":"750"}},"text_max":"アンダーグラウンドでの中毒ダメージ750増加","text":"アンダーグラウンドでの中毒ダメージ500増加\t","prisma":0},"5150156":{"idx":"5150156","view_idx":"pc055_01","name":"언더더씨","grade":5,"status":{"agi":288,"def":546},"status_max":{"agi":2219,"def":2670},"options":{"1":{"idx":"1501560","value":"515"}},"options_max":{"1":{"idx":"1501565","value":"765"}},"text_max":"アンダーグラウンドでの中毒ダメージ765増加","text":"アンダーグラウンドでの中毒ダメージ515増加\t","prisma":1},"5150165":{"idx":"5150165","view_idx":"pc046_01","name":"최약체 조련 전문","grade":5,"status":{"hp":1030,"def":520},"status_max":{"hp":3517,"def":2625},"options":{"1":{"idx":"1501650","value":"20%%"}},"options_max":{"1":{"idx":"1501655","value":"27.5%%"}},"text_max":"デビルランブルでHPが{value_1}以下の場合、攻撃回避率27.5%増加","text":"デビルランブルでHPが{value_1}以下の場合、攻撃回避率20%増加\t","prisma":0},"5150166":{"idx":"5150166","view_idx":"pc046_01","name":"최약체 조련 전문","grade":5,"status":{"hp":1048,"def":526},"status_max":{"hp":3549,"def":2635},"options":{"1":{"idx":"1501660","value":"21%%"}},"options_max":{"1":{"idx":"1501665","value":"28.5%%"}},"text_max":"デビルランブルでHPが{value_1}以下の場合、攻撃回避率28.5%増加","text":"デビルランブルでHPが{value_1}以下の場合、攻撃回避率21%増加\t","prisma":1},"5150175":{"idx":"5150175","view_idx":"pc049_01","name":"등나무 꽃의 약속","grade":5,"status":{"hp":1030,"agi":270},"status_max":{"agi":2187,"hp":3517},"options":{"1":{"idx":"1501750","value":"35%%"}},"options_max":{"1":{"idx":"1501755","value":"50%%"}},"text_max":"出血の回避率50%増加","text":"出血の回避率35%増加\t","prisma":0},"5150176":{"idx":"5150176","view_idx":"pc049_01","name":"등나무 꽃의 약속","grade":5,"status":{"hp":1048,"agi":278},"status_max":{"agi":2201,"hp":3549},"options":{"1":{"idx":"1501760","value":"35.5%%"}},"options_max":{"1":{"idx":"1501765","value":"50.5%%"}},"text_max":"出血の回避率50.5%増加","text":"出血の回避率35.5%増加\t","prisma":1},"5150185":{"idx":"5150185","view_idx":"pc056_01","name":"내명에못살지이간악하고못된악마…","grade":5,"status":{"atk":520,"cri":270},"status_max":{"atk":2625,"cri":2187},"options":{"1":{"idx":"1501850","value":"200"}},"options_max":{"1":{"idx":"1501855","value":"400"}},"text_max":"ワールドボスでの出血ダメージ400増加","text":"ワールドボスでの出血ダメージ200増加\t","prisma":0},"5150186":{"idx":"5150186","view_idx":"pc056_01","name":"내명에못살지이간악하고못된악마…","grade":5,"status":{"atk":526,"cri":278},"status_max":{"atk":2635,"cri":2201},"options":{"1":{"idx":"1501860","value":"210"}},"options_max":{"1":{"idx":"1501865","value":"410"}},"text_max":"ワールドボスでの出血ダメージ410増加","text":"ワールドボスでの出血ダメージ210増加\t","prisma":1},"5150195":{"idx":"5150195","view_idx":"pc057_01","name":"웰컴투아메리카","grade":5,"status":{"cri":270,"def":520},"status_max":{"cri":2187,"def":2625},"options":{"1":{"idx":"1501950","value":"250"}},"options_max":{"1":{"idx":"1501955","value":"500"}},"text_max":"デビルランブルでの中毒ダメージ500減少","text":"デビルランブルでの中毒ダメージ250減少\t","prisma":0},"5150196":{"idx":"5150196","view_idx":"pc057_01","name":"웰컴투아메리카","grade":5,"status":{"cri":278,"def":526},"status_max":{"cri":2201,"def":2635},"options":{"1":{"idx":"1501960","value":"265"}},"options_max":{"1":{"idx":"1501965","value":"515"}},"text_max":"デビルランブルでの中毒ダメージ515減少","text":"デビルランブルでの中毒ダメージ265減少\t","prisma":1},"5150205":{"idx":"5150205","view_idx":"pc070_01","name":"스파이크~!","grade":5,"status":{"atk":540,"cri":280},"status_max":{"atk":2660,"cri":2205},"options":{"1":{"idx":"1502050","value":"700"}},"options_max":{"1":{"idx":"1502055","value":"1200"}},"text_max":"レイドでの最終攻撃力1200増加","text":"レイドでの最終攻撃力700増加\t","prisma":0},"5150206":{"idx":"5150206","view_idx":"pc070_01","name":"스파이크~!","grade":5,"status":{"atk":546,"cri":288},"status_max":{"atk":2670,"cri":2219},"options":{"1":{"idx":"1502060","value":"725"}},"options_max":{"1":{"idx":"1502065","value":"1225"}},"text_max":"レイドでの最終攻撃力1225増加","text":"レイドでの最終攻撃力725増加\t","prisma":1},"5150215":{"idx":"5150215","view_idx":"pc071_01","name":"루키 베케이션","grade":5,"status":{"agi":280,"def":550},"status_max":{"agi":2205,"def":2677},"options":{"1":{"idx":"1502150","value":"35%%"}},"options_max":{"1":{"idx":"1502155","value":"50%%"}},"text_max":"デビルランブルでの中毒の回避率50%増加","text":"デビルランブルでの中毒の回避率35%増加\t","prisma":0},"5150216":{"idx":"5150216","view_idx":"pc071_01","name":"루키 베케이션","grade":5,"status":{"agi":288,"def":556},"status_max":{"agi":2219,"def":2688},"options":{"1":{"idx":"1502160","value":"35.5%%"}},"options_max":{"1":{"idx":"1502165","value":"50.5%%"}},"text_max":"デビルランブルでの中毒の回避率50.5%増加","text":"デビルランブルでの中毒の回避率35.5%増加\t","prisma":1},"5150225":{"idx":"5150225","view_idx":"pc074_01","name":"한여름 불꽃놀이","grade":5,"status":{"hp":1000,"agi":260},"status_max":{"agi":2170,"hp":3465},"options":{"1":{"idx":"1502250","value":"8%%"}},"options_max":{"1":{"idx":"1502255","value":"18%%"}},"text_max":"凍結の回避率18%増加","text":"凍結の回避率8%増加\t","prisma":0},"5150226":{"idx":"5150226","view_idx":"pc074_01","name":"한여름 불꽃놀이","grade":5,"status":{"hp":1018,"agi":268},"status_max":{"agi":2184,"hp":3496},"options":{"1":{"idx":"1502260","value":"8.5%%"}},"options_max":{"1":{"idx":"1502265","value":"18.5%%"}},"text_max":"凍結の回避率18.5%増加","text":"凍結の回避率8.5%増加\t","prisma":1},"5150235":{"idx":"5150235","view_idx":"pc016_01","name":"썸머 브레이크!!","grade":5,"status":{"hp":1090,"def":540},"status_max":{"hp":3622,"def":2660},"options":{"1":{"idx":"1502350","value":"800"}},"options_max":{"1":{"idx":"1502355","value":"1300"}},"text_max":"デビルランブルでノーマルスキル使用時{value_1}の確率で10秒間、装着者にバリア1300付与","text":"デビルランブルでノーマルスキル使用時{value_1}の確率で10秒間、装着者にバリア800付与\t","prisma":0},"5150236":{"idx":"5150236","view_idx":"pc016_01","name":"썸머 브레이크!!","grade":5,"status":{"hp":1108,"def":556},"status_max":{"hp":3654,"def":2688},"options":{"1":{"idx":"1502360","value":"850"}},"options_max":{"1":{"idx":"1502365","value":"1350"}},"text_max":"デビルランブルでノーマルスキル使用時{value_1}の確率で10秒間、装着者にバリア1350付与","text":"デビルランブルでノーマルスキル使用時{value_1}の確率で10秒間、装着者にバリア850付与\t","prisma":1},"5150245":{"idx":"5150245","view_idx":"pc076_01","name":"히트웨이브","grade":5,"status":{"atk":560,"agi":270},"status_max":{"agi":2187,"atk":2695},"options":{"1":{"idx":"1502450","value":"700"}},"options_max":{"1":{"idx":"1502455","value":"1200"}},"text_max":"アンダーグラウンドでの最終攻撃力1200増加","text":"アンダーグラウンドでの最終攻撃力700増加\t","prisma":0},"5150246":{"idx":"5150246","view_idx":"pc076_01","name":"히트웨이브","grade":5,"status":{"atk":576,"agi":278},"status_max":{"agi":2201,"atk":2723},"options":{"1":{"idx":"1502460","value":"725"}},"options_max":{"1":{"idx":"1502465","value":"1225"}},"text_max":"アンダーグラウンドでの最終攻撃力1225増加","text":"アンダーグラウンドでの最終攻撃力725増加\t","prisma":1},"5150255":{"idx":"5150255","view_idx":"pc077_01","name":"컬러풀 비치","grade":5,"status":{"hp":1040,"def":550},"status_max":{"hp":3535,"def":2677},"options":{"1":{"idx":"1502550","value":"220"}},"options_max":{"1":{"idx":"1502555","value":"320"}},"text_max":"デビルランブルでの出血ダメージ320増加","text":"デビルランブルでの出血ダメージ220増加\t","prisma":0},"5150256":{"idx":"5150256","view_idx":"pc077_01","name":"컬러풀 비치","grade":5,"status":{"hp":1058,"def":556},"status_max":{"hp":3566,"def":2688},"options":{"1":{"idx":"1502560","value":"230"}},"options_max":{"1":{"idx":"1502565","value":"330"}},"text_max":"デビルランブルでの出血ダメージ330増加","text":"デビルランブルでの出血ダメージ230増加\t","prisma":1},"5150265":{"idx":"5150265","view_idx":"pc084_01","name":"엔도남매","grade":5,"status":{"atk":570,"agi":320},"status_max":{"agi":2275,"atk":2712},"options":{"1":{"idx":"1502650","value":"9%%"}},"options_max":{"1":{"idx":"1502655","value":"14%%"}},"text_max":"最終機敏性の14%を最終攻撃力に追加","text":"最終機敏性の9%を最終攻撃力に追加\t","prisma":0},"5150266":{"idx":"5150266","view_idx":"pc084_01","name":"엔도남매","grade":5,"status":{"atk":586,"agi":338},"status_max":{"agi":2306,"atk":2740},"options":{"1":{"idx":"1502660","value":"9.5%%"}},"options_max":{"1":{"idx":"1502665","value":"14.5%%"}},"text_max":"最終機敏性の14.5%を最終攻撃力に追加","text":"最終機敏性の9.5%を最終攻撃力に追加\t","prisma":1},"5150275":{"idx":"5150275","view_idx":"pc085_01","name":"히긴즈의 딸들","grade":5,"status":{"atk":570,"cri":320},"status_max":{"atk":2712,"cri":2275},"options":{"1":{"idx":"1502750","value":"9%%"}},"options_max":{"1":{"idx":"1502755","value":"14%%"}},"text_max":"最終クリティカルの14%を最終攻撃力に追加","text":"最終クリティカルの9%を最終攻撃力に追加\t","prisma":0},"5150276":{"idx":"5150276","view_idx":"pc085_01","name":"히긴즈의 딸들","grade":5,"status":{"atk":586,"cri":338},"status_max":{"atk":2740,"cri":2306},"options":{"1":{"idx":"1502760","value":"9.5%%"}},"options_max":{"1":{"idx":"1502765","value":"14.5%%"}},"text_max":"最終クリティカルの14.5%を最終攻撃力に追加","text":"最終クリティカルの9.5%を最終攻撃力に追加\t","prisma":1},"5150285":{"idx":"5150285","view_idx":"pc065_01","name":"아이스 아메리카노","grade":5,"status":{"hp":1060,"def":570},"status_max":{"hp":3570,"def":2712},"options":{"1":{"idx":"1502850","value":"700"}},"options_max":{"1":{"idx":"1502855","value":"1200"}},"text_max":"アンダーグラウンドでスライドスキル使用時{value_1}の確率で10秒間、装着者にバリア1200付与","text":"アンダーグラウンドでスライドスキル使用時{value_1}の確率で10秒間、装着者にバリア700付与\t","prisma":0},"5150286":{"idx":"5150286","view_idx":"pc065_01","name":"아이스 아메리카노","grade":5,"status":{"hp":1078,"def":586},"status_max":{"hp":3601,"def":2740},"options":{"1":{"idx":"1502860","value":"750"}},"options_max":{"1":{"idx":"1502865","value":"1250"}},"text_max":"アンダーグラウンドでスライドスキル使用時{value_1}の確率で10秒間、装着者にバリア1250付与","text":"アンダーグラウンドでスライドスキル使用時{value_1}の確率で10秒間、装着者にバリア750付与\t","prisma":1},"5150295":{"idx":"5150295","view_idx":"pc094_01","name":"금단의 열매","grade":5,"status":{"atk":560,"agi":290},"status_max":{"agi":2222,"atk":2695},"options":{"1":{"idx":"1502950","value":"30%%"}},"options_max":{"1":{"idx":"1502955","value":"80%%"}},"text_max":"レイドでのデスヒール回避率80%増加","text":"レイドでのデスヒール回避率30%増加\t","prisma":0},"5150296":{"idx":"5150296","view_idx":"pc094_01","name":"금단의 열매","grade":5,"status":{"atk":576,"agi":302},"status_max":{"agi":2243,"atk":2723},"options":{"1":{"idx":"1502960","value":"32.5%%"}},"options_max":{"1":{"idx":"1502965","value":"82.5%%"}},"text_max":"レイドでのデスヒール回避率82.5%増加","text":"レイドでのデスヒール回避率32.5%増加\t","prisma":1},"5150305":{"idx":"5150305","view_idx":"pc095_01","name":"가출 7회차","grade":5,"status":{"atk":560,"cri":290},"status_max":{"atk":2695,"cri":2222},"options":{"1":{"idx":"1503050","value":"800"}},"options_max":{"1":{"idx":"1503055","value":"1300"}},"text_max":"レイドでの最終クリティカル1300増加","text":"レイドでの最終クリティカル800増加\t","prisma":0},"5150306":{"idx":"5150306","view_idx":"pc095_01","name":"가출 7회차","grade":5,"status":{"atk":576,"cri":302},"status_max":{"atk":2723,"cri":2243},"options":{"1":{"idx":"1503060","value":"825"}},"options_max":{"1":{"idx":"1503065","value":"1325"}},"text_max":"レイドでの最終クリティカル1325増加","text":"レイドでの最終クリティカル825増加\t","prisma":1},"5150315":{"idx":"5150315","view_idx":"pc062_01","name":"대립되는 두 가지 마음","grade":5,"status":{"hp":1050,"def":560},"status_max":{"hp":3552,"def":2695},"options":{"1":{"idx":"1503150","value":"30%%"}},"options_max":{"1":{"idx":"1503155","value":"50%%"}},"text_max":"デビルランブルでの気絶回避率50%増加","text":"デビルランブルでの気絶回避率30%増加\t","prisma":0},"5150316":{"idx":"5150316","view_idx":"pc062_01","name":"대립되는 두 가지 마음","grade":5,"status":{"hp":1065,"def":566},"status_max":{"hp":3578,"def":2705},"options":{"1":{"idx":"1503160","value":"31.5%%"}},"options_max":{"1":{"idx":"1503165","value":"51.5%%"}},"text_max":"デビルランブルでの気絶回避率51.5%増加","text":"デビルランブルでの気絶回避率31.5%増加\t","prisma":1},"5150325":{"idx":"5150325","view_idx":"pc063_01","name":"흔들리는 마음","grade":5,"status":{"hp":1040,"atk":530},"status_max":{"atk":2642,"hp":3535},"options":{"1":{"idx":"1503250","value":"12%%"}},"options_max":{"1":{"idx":"1503255","value":"27%%"}},"text_max":"デビルランブルでの気絶命中率27%増加","text":"デビルランブルでの気絶命中率12%増加\t","prisma":0},"5150326":{"idx":"5150326","view_idx":"pc063_01","name":"흔들리는 마음","grade":5,"status":{"hp":1058,"atk":536},"status_max":{"atk":2653,"hp":3566},"options":{"1":{"idx":"1503260","value":"13.5%%"}},"options_max":{"1":{"idx":"1503265","value":"28.5%%"}},"text_max":"デビルランブルでの気絶命中率28.5%増加","text":"デビルランブルでの気絶命中率13.5%増加\t","prisma":1},"5150335":{"idx":"5150335","view_idx":"pc091_01","name":"DOA타마키","grade":5,"status":{"atk":580,"def":540},"status_max":{"atk":2730,"def":2660},"options":{"1":{"idx":"1503350","value":"1500"}},"options_max":{"1":{"idx":"1503355","value":"3000"}},"text_max":"敵を倒すとHP3000回復","text":"敵を倒すとHP1500回復\t","prisma":0},"5150336":{"idx":"5150336","view_idx":"pc091_01","name":"DOA타마키","grade":5,"status":{"atk":596,"def":556},"status_max":{"atk":2758,"def":2688},"options":{"1":{"idx":"1503360","value":"1620"}},"options_max":{"1":{"idx":"1503365","value":"3120"}},"text_max":"敵を倒すとHP3120回復","text":"敵を倒すとHP1620回復\t","prisma":1},"5150345":{"idx":"5150345","view_idx":"pc092_01","name":"DOA아야네","grade":5,"status":{"hp":1070,"agi":300},"status_max":{"agi":2240,"hp":3587},"options":{"1":{"idx":"1503450","value":"30%%"}},"options_max":{"1":{"idx":"1503455","value":"50%%"}},"text_max":"デビルランブルでの石化回避率50%増加","text":"デビルランブルでの石化回避率30%増加\t","prisma":0},"5150346":{"idx":"5150346","view_idx":"pc092_01","name":"DOA아야네","grade":5,"status":{"hp":1088,"agi":312},"status_max":{"agi":2261,"hp":3619},"options":{"1":{"idx":"1503460","value":"31.5%%"}},"options_max":{"1":{"idx":"1503465","value":"51.5%%"}},"text_max":"デビルランブルでの石化回避率51.5%増加","text":"デビルランブルでの石化回避率31.5%増加\t","prisma":1},"5150355":{"idx":"5150355","view_idx":"pc099_01","name":"그랜드 일루젼!","grade":5,"status":{"hp":1080,"cri":300},"status_max":{"cri":2240,"hp":3605},"options":{"1":{"idx":"1503550","value":"15%%"}},"options_max":{"1":{"idx":"1503555","value":"30%%"}},"text_max":"ワールドボスでのデバフ命中率30%増加","text":"ワールドボスでのデバフ命中率15%増加\t","prisma":0},"5150356":{"idx":"5150356","view_idx":"pc099_01","name":"그랜드 일루젼!","grade":5,"status":{"hp":1098,"cri":312},"status_max":{"cri":2261,"hp":3636},"options":{"1":{"idx":"1503560","value":"16.5%%"}},"options_max":{"1":{"idx":"1503565","value":"31.5%%"}},"text_max":"ワールドボスでのデバフ命中率31.5%増加","text":"ワールドボスでのデバフ命中率16.5%増加\t","prisma":1},"5150365":{"idx":"5150365","view_idx":"pc103_01","name":"할로윈의 프리마돈나","grade":5,"status":{"agi":310,"def":550},"status_max":{"agi":2257,"def":2677},"options":{"1":{"idx":"1503650","value":"1500"}},"options_max":{"1":{"idx":"1503655","value":"2500"}},"text_max":"最終HP2500増加","text":"最終HP1500増加\t","prisma":0},"5150366":{"idx":"5150366","view_idx":"pc103_01","name":"할로윈의 프리마돈나","grade":5,"status":{"agi":322,"def":566},"status_max":{"agi":2278,"def":2705},"options":{"1":{"idx":"1503660","value":"1620"}},"options_max":{"1":{"idx":"1503665","value":"2620"}},"text_max":"最終HP2620増加","text":"最終HP1620増加\t","prisma":1},"5150375":{"idx":"5150375","view_idx":"pc105_01","name":"뱀파이어 레이디","grade":5,"status":{"agi":320,"def":590},"status_max":{"agi":2275,"def":2747},"options":{"1":{"idx":"1503750","value":"170"}},"options_max":{"1":{"idx":"1503755","value":"270"}},"text_max":"デビルランブルでの踊る刃ダメージ270増加","text":"デビルランブルでの踊る刃ダメージ170増加\t","prisma":0},"5150376":{"idx":"5150376","view_idx":"pc105_01","name":"뱀파이어 레이디","grade":5,"status":{"agi":332,"def":606},"status_max":{"agi":2296,"def":2775},"options":{"1":{"idx":"1503760","value":"180"}},"options_max":{"1":{"idx":"1503765","value":"280"}},"text_max":"デビルランブルでの踊る刃ダメージ280増加","text":"デビルランブルでの踊る刃ダメージ180増加\t","prisma":1},"5150385":{"idx":"5150385","view_idx":"pc108_01","name":"월하미인","grade":5,"status":{"hp":1020,"cri":270},"status_max":{"cri":2187,"hp":3500},"options":{"1":{"idx":"1503850","value":"500"}},"options_max":{"1":{"idx":"1503855","value":"1000"}},"text_max":"最終攻撃力1000増加","text":"最終攻撃力500増加\t","prisma":0},"5150386":{"idx":"5150386","view_idx":"pc108_01","name":"월하미인","grade":5,"status":{"hp":1038,"cri":282},"status_max":{"cri":2208,"hp":3531},"options":{"1":{"idx":"1503860","value":"525"}},"options_max":{"1":{"idx":"1503865","value":"1025"}},"text_max":"最終攻撃力1025増加","text":"最終攻撃力525増加\t","prisma":1},"5150395":{"idx":"5150395","view_idx":"pc109_01","name":"간류 다비의 제비베기","grade":5,"status":{"atk":550,"def":590},"status_max":{"atk":2677,"def":2747},"options":{"1":{"idx":"1503950","value":"9%%"}},"options_max":{"1":{"idx":"1503955","value":"14%%"}},"text_max":"最終防御力の14%を最終攻撃力に追加","text":"最終防御力の9%を最終攻撃力に追加\t","prisma":0},"5150396":{"idx":"5150396","view_idx":"pc109_01","name":"간류 다비의 제비베기","grade":5,"status":{"atk":566,"def":606},"status_max":{"atk":2705,"def":2775},"options":{"1":{"idx":"1503960","value":"9.5%%"}},"options_max":{"1":{"idx":"1503965","value":"14.5%%"}},"text_max":"最終防御力の14.5%を最終攻撃力に追加","text":"最終防御力の9.5%を最終攻撃力に追加\t","prisma":1},"5150405":{"idx":"5150405","view_idx":"pc101_01","name":"인스피레이션","grade":5,"status":{"atk":590,"cri":310},"status_max":{"atk":2747,"cri":2257},"options":{"1":{"idx":"1504050","value":"350"}},"options_max":{"1":{"idx":"1504055","value":"500"}},"text_max":"レイドでノーマルスキルに防御無視ダメージ500追加","text":"レイドでノーマルスキルに防御無視ダメージ350追加\t","prisma":0},"5150406":{"idx":"5150406","view_idx":"pc101_01","name":"인스피레이션","grade":5,"status":{"atk":606,"cri":322},"status_max":{"atk":2775,"cri":2278},"options":{"1":{"idx":"1504060","value":"365"}},"options_max":{"1":{"idx":"1504065","value":"515"}},"text_max":"レイドでノーマルスキルに防御無視ダメージ515追加","text":"レイドでノーマルスキルに防御無視ダメージ365追加\t","prisma":1},"5150415":{"idx":"5150415","view_idx":"pc106_01","name":"스타라이트 스테이지","grade":5,"status":{"hp":1090,"agi":330},"status_max":{"agi":2292,"hp":3622},"options":{"1":{"idx":"1504150","value":"800"}},"options_max":{"1":{"idx":"1504155","value":"1550"}},"text_max":"装着者が受ける即時回復量1550増加","text":"装着者が受ける即時回復量800増加\t","prisma":0},"5150416":{"idx":"5150416","view_idx":"pc106_01","name":"스타라이트 스테이지","grade":5,"status":{"hp":1108,"agi":342},"status_max":{"agi":2313,"hp":3654},"options":{"1":{"idx":"1504160","value":"875"}},"options_max":{"1":{"idx":"1504165","value":"1625"}},"text_max":"装着者が受ける即時回復量1625増加","text":"装着者が受ける即時回復量875増加\t","prisma":1},"5150425":{"idx":"5150425","view_idx":"pc112_01","name":"시크릿 캐럴","grade":5,"status":{"atk":590,"agi":330},"status_max":{"agi":2292,"atk":2747},"options":{"1":{"idx":"1504250","value":"350"}},"options_max":{"1":{"idx":"1504255","value":"500"}},"text_max":"スライドスキルダメージ500増加","text":"スライドスキルダメージ350増加\t","prisma":0},"5150426":{"idx":"5150426","view_idx":"pc112_01","name":"시크릿 캐럴","grade":5,"status":{"atk":606,"agi":342},"status_max":{"agi":2313,"atk":2775},"options":{"1":{"idx":"1504260","value":"365"}},"options_max":{"1":{"idx":"1504265","value":"515"}},"text_max":"スライドスキルダメージ515増加","text":"スライドスキルダメージ365増加\t","prisma":1},"5150435":{"idx":"5150435","view_idx":"pc053_01","name":"귀가부 부활동","grade":5,"status":{"agi":330,"def":590},"status_max":{"agi":2292,"def":2747},"options":{"1":{"idx":"1504350","value":"9%%"}},"options_max":{"1":{"idx":"1504355","value":"14%%"}},"text_max":"最終機敏性の14%を最終HPに追加","text":"最終機敏性の9%を最終HPに追加\t","prisma":0},"5150436":{"idx":"5150436","view_idx":"pc053_01","name":"귀가부 부활동","grade":5,"status":{"agi":342,"def":606},"status_max":{"agi":2313,"def":2775},"options":{"1":{"idx":"1504360","value":"9.5%%"}},"options_max":{"1":{"idx":"1504365","value":"14.5%%"}},"text_max":"最終機敏性の14.5%を最終HPに追加","text":"最終機敏性の9.5%を最終HPに追加\t","prisma":1},"5150445":{"idx":"5150445","view_idx":"pc107_01","name":"한잔 더~!","grade":5,"status":{"hp":1100,"def":600},"status_max":{"hp":3640,"def":2765},"options":{"1":{"idx":"1504450","value":"800"}},"options_max":{"1":{"idx":"1504455","value":"1300"}},"text_max":"最終防御力1300増加","text":"最終防御力800増加\t","prisma":0},"5150446":{"idx":"5150446","view_idx":"pc107_01","name":"한잔 더~!","grade":5,"status":{"hp":1118,"def":616},"status_max":{"hp":3671,"def":2793},"options":{"1":{"idx":"1504460","value":"825"}},"options_max":{"1":{"idx":"1504465","value":"1325"}},"text_max":"最終防御力1325増加","text":"最終防御力825増加\t","prisma":1},"5150455":{"idx":"5150455","view_idx":"pc118_01","name":"귀공자의 근하신년","grade":5,"status":{"atk":600,"cri":340},"status_max":{"atk":2765,"cri":2310},"options":{"1":{"idx":"1504550","value":"1150"}},"options_max":{"1":{"idx":"1504555","value":"1900"}},"text_max":"ワールドボスでの最終攻撃力1900増加","text":"ワールドボスでの最終攻撃力1150増加\t","prisma":0},"5150456":{"idx":"5150456","view_idx":"pc118_01","name":"귀공자의 근하신년","grade":5,"status":{"atk":616,"cri":352},"status_max":{"atk":2793,"cri":2331},"options":{"1":{"idx":"1504560","value":"1175"}},"options_max":{"1":{"idx":"1504565","value":"1925"}},"text_max":"ワールドボスでの最終攻撃力1925増加","text":"ワールドボスでの最終攻撃力1175増加\t","prisma":1},"5150465":{"idx":"5150465","view_idx":"pc004_01","name":"심해의 랑데부","grade":5,"status":{"atk":620,"cri":370},"status_max":{"atk":2800,"cri":2362},"options":{"1":{"idx":"1504650","value":"1400"}},"options_max":{"1":{"idx":"1504655","value":"2800"}},"text_max":"レイドでのノーマルスキルダメージ2800増加","text":"レイドでのノーマルスキルダメージ1400増加\t","prisma":0},"5150466":{"idx":"5150466","view_idx":"pc004_01","name":"심해의 랑데부","grade":5,"status":{"atk":636,"cri":382},"status_max":{"atk":2828,"cri":2383},"options":{"1":{"idx":"1504660","value":"1500"}},"options_max":{"1":{"idx":"1504665","value":"2900"}},"text_max":"レイドでのノーマルスキルダメージ2900増加","text":"レイドでのノーマルスキルダメージ1500増加\t","prisma":1},"5150485":{"idx":"5150485","view_idx":"pc006_01","name":"천재 미소년의 시간","grade":5,"status":{"atk":620,"agi":350},"status_max":{"agi":2327,"atk":2800},"options":{"1":{"idx":"1504850","value":"6%%"}},"options_max":{"1":{"idx":"1504855","value":"16%%"}},"text_max":"最終クリティカル発生率16%増加","text":"最終クリティカル発生率6%増加\t","prisma":0},"5150486":{"idx":"5150486","view_idx":"pc006_01","name":"천재 미소년의 시간","grade":5,"status":{"atk":636,"agi":362},"status_max":{"agi":2348,"atk":2828},"options":{"1":{"idx":"1504860","value":"6.5%%"}},"options_max":{"1":{"idx":"1504865","value":"16.5%%"}},"text_max":"最終クリティカル発生率16.5%増加","text":"最終クリティカル発生率6.5%増加\t","prisma":1},"5150495":{"idx":"5150495","view_idx":"pc001_01","name":"브레이크 타임","grade":5,"status":{"atk":620,"cri":350},"status_max":{"atk":2800,"cri":2327},"options":{"1":{"idx":"1504950","value":"11%%"}},"options_max":{"1":{"idx":"1504955","value":"21%%"}},"text_max":"スライドスキルのクリティカルダメージ21%増加","text":"スライドスキルのクリティカルダメージ11%増加\t","prisma":0},"5150496":{"idx":"5150496","view_idx":"pc001_01","name":"브레이크 타임","grade":5,"status":{"atk":636,"cri":362},"status_max":{"atk":2828,"cri":2348},"options":{"1":{"idx":"1504960","value":"11.5%%"}},"options_max":{"1":{"idx":"1504965","value":"21.5%%"}},"text_max":"スライドスキルのクリティカルダメージ21.5%増加","text":"スライドスキルのクリティカルダメージ11.5%増加\t","prisma":1},"5150505":{"idx":"5150505","view_idx":"pc007_01","name":"영광의 레이서","grade":5,"status":{"atk":620,"cri":350},"status_max":{"atk":2800,"cri":2327},"options":{"1":{"idx":"1505050","value":"11%%"}},"options_max":{"1":{"idx":"1505055","value":"21%%"}},"text_max":"スライドスキルのクリティカルダメージ21%増加","text":"スライドスキルのクリティカルダメージ11%増加\t","prisma":0},"5150506":{"idx":"5150506","view_idx":"pc007_01","name":"영광의 레이서","grade":5,"status":{"atk":636,"cri":362},"status_max":{"atk":2828,"cri":2348},"options":{"1":{"idx":"1505060","value":"11.5%%"}},"options_max":{"1":{"idx":"1505065","value":"21.5%%"}},"text_max":"スライドスキルのクリティカルダメージ21.5%増加","text":"スライドスキルのクリティカルダメージ11.5%増加\t","prisma":1},"5150515":{"idx":"5150515","view_idx":"pc069_01","name":"달콤한 과녁","grade":5,"status":{"atk":610,"cri":340},"status_max":{"atk":2782,"cri":2310},"options":{"1":{"idx":"1505150","value":"10%%"}},"options_max":{"1":{"idx":"1505155","value":"20%%"}},"text_max":"スライドスキルのクリティカルダメージ20%増加","text":"スライドスキルのクリティカルダメージ10%増加\t","prisma":0},"5150516":{"idx":"5150516","view_idx":"pc069_01","name":"달콤한 과녁","grade":5,"status":{"atk":626,"cri":352},"status_max":{"atk":2810,"cri":2331},"options":{"1":{"idx":"1505160","value":"10.5%%"}},"options_max":{"1":{"idx":"1505165","value":"20.5%%"}},"text_max":"スライドスキルのクリティカルダメージ20.5%増加","text":"スライドスキルのクリティカルダメージ10.5%増加\t","prisma":1},"5150525":{"idx":"5150525","view_idx":"pc047_01","name":"777 네버 다이","grade":5,"status":{"atk":610,"cri":340},"status_max":{"atk":2782,"cri":2310},"options":{"1":{"idx":"1505250","value":"10%%"}},"options_max":{"1":{"idx":"1505255","value":"20%%"}},"text_max":"スライドスキルのクリティカルダメージ20%増加","text":"スライドスキルのクリティカルダメージ10%増加\t","prisma":0},"5150526":{"idx":"5150526","view_idx":"pc047_01","name":"777 네버 다이","grade":5,"status":{"atk":626,"cri":352},"status_max":{"atk":2810,"cri":2331},"options":{"1":{"idx":"1505260","value":"10.5%%"}},"options_max":{"1":{"idx":"1505265","value":"20.5%%"}},"text_max":"スライドスキルのクリティカルダメージ20.5%増加","text":"スライドスキルのクリティカルダメージ10.5%増加\t","prisma":1},"5150535":{"idx":"5150535","view_idx":"pc029_01","name":"소중한 것을 너에게","grade":5,"status":{"atk":610,"agi":340},"status_max":{"agi":2310,"atk":2782},"options":{"1":{"idx":"1505350","value":"5%%"}},"options_max":{"1":{"idx":"1505355","value":"15%%"}},"text_max":"最終クリティカル発生率15%増加","text":"最終クリティカル発生率5%増加\t","prisma":0},"5150536":{"idx":"5150536","view_idx":"pc029_01","name":"소중한 것을 너에게","grade":5,"status":{"atk":626,"agi":352},"status_max":{"agi":2331,"atk":2810},"options":{"1":{"idx":"1505360","value":"5.5%%"}},"options_max":{"1":{"idx":"1505365","value":"15.5%%"}},"text_max":"最終クリティカル発生率15.5%増加","text":"最終クリティカル発生率5.5%増加\t","prisma":1},"5150545":{"idx":"5150545","view_idx":"pc030_01","name":"멜티 크리스마스","grade":5,"status":{"atk":610,"cri":340},"status_max":{"atk":2782,"cri":2310},"options":{"1":{"idx":"1505450","value":"10%%"}},"options_max":{"1":{"idx":"1505455","value":"20%%"}},"text_max":"スライドスキルのクリティカルダメージ20%増加","text":"スライドスキルのクリティカルダメージ10%増加\t","prisma":0},"5150546":{"idx":"5150546","view_idx":"pc030_01","name":"멜티 크리스마스","grade":5,"status":{"atk":626,"cri":352},"status_max":{"atk":2810,"cri":2331},"options":{"1":{"idx":"1505460","value":"10.5%%"}},"options_max":{"1":{"idx":"1505465","value":"20.5%%"}},"text_max":"スライドスキルのクリティカルダメージ20.5%増加","text":"スライドスキルのクリティカルダメージ10.5%増加\t","prisma":1},"5150555":{"idx":"5150555","view_idx":"pc104_01","name":"오타쿠 로드","grade":5,"status":{"atk":610,"agi":340},"status_max":{"agi":2310,"atk":2782},"options":{"1":{"idx":"1505550","value":"5%%"}},"options_max":{"1":{"idx":"1505555","value":"15%%"}},"text_max":"最終クリティカル発生率15%増加","text":"最終クリティカル発生率5%増加\t","prisma":0},"5150556":{"idx":"5150556","view_idx":"pc104_01","name":"오타쿠 로드","grade":5,"status":{"atk":626,"agi":352},"status_max":{"agi":2331,"atk":2810},"options":{"1":{"idx":"1505560","value":"5.5%%"}},"options_max":{"1":{"idx":"1505565","value":"15.5%%"}},"text_max":"最終クリティカル発生率15.5%増加","text":"最終クリティカル発生率5.5%増加\t","prisma":1},"5150565":{"idx":"5150565","view_idx":"pc097_01","name":"주여, 긍휼히 여기소서.","grade":5,"status":{"atk":610,"agi":340},"status_max":{"agi":2310,"atk":2782},"options":{"1":{"idx":"1505650","value":"5%%"}},"options_max":{"1":{"idx":"1505655","value":"15%%"}},"text_max":"最終クリティカル発生率15%増加","text":"最終クリティカル発生率5%増加\t","prisma":0},"5150566":{"idx":"5150566","view_idx":"pc097_01","name":"주여, 긍휼히 여기소서.","grade":5,"status":{"atk":626,"agi":352},"status_max":{"agi":2331,"atk":2810},"options":{"1":{"idx":"1505660","value":"5.5%%"}},"options_max":{"1":{"idx":"1505665","value":"15.5%%"}},"text_max":"最終クリティカル発生率15.5%増加","text":"最終クリティカル発生率5.5%増加\t","prisma":1},"5150575":{"idx":"5150575","view_idx":"pc048_01","name":"밤의 지배자","grade":5,"status":{"atk":610,"agi":340},"status_max":{"agi":2310,"atk":2782},"options":{"1":{"idx":"1505750","value":"5%%"}},"options_max":{"1":{"idx":"1505755","value":"15%%"}},"text_max":"最終クリティカル発生率15%増加","text":"最終クリティカル発生率5%増加\t","prisma":0},"5150576":{"idx":"5150576","view_idx":"pc048_01","name":"밤의 지배자","grade":5,"status":{"atk":626,"agi":352},"status_max":{"agi":2331,"atk":2810},"options":{"1":{"idx":"1505760","value":"5.5%%"}},"options_max":{"1":{"idx":"1505765","value":"15.5%%"}},"text_max":"最終クリティカル発生率15.5%増加","text":"最終クリティカル発生率5.5%増加\t","prisma":1},"5150585":{"idx":"5150585","view_idx":"pc124_01","name":"달콤한 의리 초콜릿","grade":5,"status":{"hp":1090,"def":590},"status_max":{"hp":3622,"def":2747},"options":{"1":{"idx":"1505850","value":"9%%"}},"options_max":{"1":{"idx":"1505855","value":"14%%"}},"text_max":"最終防御力の14%を最終クリティカルに追加","text":"最終防御力の9%を最終クリティカルに追加\t","prisma":0},"5150586":{"idx":"5150586","view_idx":"pc124_01","name":"달콤한 의리 초콜릿","grade":5,"status":{"hp":1108,"def":606},"status_max":{"hp":3654,"def":2775},"options":{"1":{"idx":"1505860","value":"9.5%%"}},"options_max":{"1":{"idx":"1505865","value":"14.5%%"}},"text_max":"最終防御力の14.5%を最終クリティカルに追加","text":"最終防御力の9.5%を最終クリティカルに追加\t","prisma":1},"5150595":{"idx":"5150595","view_idx":"pc012_01","name":"잃어버린 꿈","grade":5,"status":{"hp":1100,"def":600},"status_max":{"hp":3640,"def":2765},"options":{"1":{"idx":"1505950","value":"150"}},"options_max":{"1":{"idx":"1505955","value":"250"}},"text_max":"猛毒ダメージ250増加","text":"猛毒ダメージ150増加\t","prisma":0},"5150596":{"idx":"5150596","view_idx":"pc012_01","name":"잃어버린 꿈","grade":5,"status":{"hp":1118,"def":616},"status_max":{"hp":3671,"def":2793},"options":{"1":{"idx":"1505960","value":"160"}},"options_max":{"1":{"idx":"1505965","value":"260"}},"text_max":"猛毒ダメージ260増加","text":"猛毒ダメージ160増加\t","prisma":1},"5150605":{"idx":"5150605","view_idx":"pc133_01","name":"극한의 수라장","grade":5,"status":{"agi":270,"def":520},"status_max":{"agi":2187,"def":2625},"options":{"1":{"idx":"1506050","value":"1000"}},"options_max":{"1":{"idx":"1506055","value":"1500"}},"text_max":"最終HP1500増加","text":"最終HP1000増加\t","prisma":0},"5150606":{"idx":"5150606","view_idx":"pc133_01","name":"극한의 수라장","grade":5,"status":{"agi":282,"def":536},"status_max":{"agi":2208,"def":2653},"options":{"1":{"idx":"1506060","value":"1120"}},"options_max":{"1":{"idx":"1506065","value":"1620"}},"text_max":"最終HP1620増加","text":"最終HP1120増加\t","prisma":1},"5150615":{"idx":"5150615","view_idx":"pc135_01","name":"길 잃은 어린양에게 축복을","grade":5,"status":{"atk":520,"cri":270},"status_max":{"atk":2625,"cri":2187},"options":{"1":{"idx":"1506150","value":"250"}},"options_max":{"1":{"idx":"1506155","value":"750"}},"text_max":"最終機敏性750増加","text":"最終機敏性250増加\t","prisma":0},"5150616":{"idx":"5150616","view_idx":"pc135_01","name":"길 잃은 어린양에게 축복을","grade":5,"status":{"atk":536,"cri":282},"status_max":{"atk":2653,"cri":2208},"options":{"1":{"idx":"1506160","value":"265"}},"options_max":{"1":{"idx":"1506165","value":"765"}},"text_max":"最終機敏性765増加","text":"最終機敏性265増加\t","prisma":1},"5150625":{"idx":"5150625","view_idx":"pc134_01","name":"깊은 계곡의 함정","grade":5,"status":{"hp":1020,"def":520},"status_max":{"hp":3500,"def":2625},"options":{"1":{"idx":"1506250","value":"125"}},"options_max":{"1":{"idx":"1506255","value":"225"}},"text_max":"装着者が受ける持続回復量225増加","text":"装着者が受ける持続回復量125増加\t","prisma":0},"5150626":{"idx":"5150626","view_idx":"pc134_01","name":"깊은 계곡의 함정","grade":5,"status":{"hp":1038,"def":536},"status_max":{"hp":3531,"def":2653},"options":{"1":{"idx":"1506260","value":"145"}},"options_max":{"1":{"idx":"1506265","value":"245"}},"text_max":"装着者が受ける持続回復量245増加","text":"装着者が受ける持続回復量145増加\t","prisma":1},"5150635":{"idx":"5150635","view_idx":"pc131_01","name":"해변의 덫과 포로","grade":5,"status":{"hp":520,"def":1020},"status_max":{"hp":2625,"def":3500},"options":{"1":{"idx":"1506350","value":"800"}},"options_max":{"1":{"idx":"1506355","value":"1300"}},"text_max":"装着者が受ける即時回復量1300増加","text":"装着者が受ける即時回復量800増加\t","prisma":0},"5150636":{"idx":"5150636","view_idx":"pc131_01","name":"해변의 덫과 포로","grade":5,"status":{"hp":536,"def":1038},"status_max":{"hp":2653,"def":3531},"options":{"1":{"idx":"1506360","value":"850"}},"options_max":{"1":{"idx":"1506365","value":"1350"}},"text_max":"装着者が受ける即時回復量1350増加","text":"装着者が受ける即時回復量850増加\t","prisma":1},"5150655":{"idx":"5150655","view_idx":"pc141_01","name":"햇살이 비치는 온천","grade":5,"status":{"agi":360,"def":610},"status_max":{"agi":2345,"def":2782},"options":{"1":{"idx":"1506550","value":"250"}},"options_max":{"1":{"idx":"1506555","value":"550"}},"text_max":"デビルランブルで攻撃を受けるとHP550回復","text":"デビルランブルで攻撃を受けるとHP250回復\t","prisma":0},"5150656":{"idx":"5150656","view_idx":"pc141_01","name":"햇살이 비치는 온천","grade":5,"status":{"agi":372,"def":626},"status_max":{"agi":2366,"def":2810},"options":{"1":{"idx":"1506560","value":"275"}},"options_max":{"1":{"idx":"1506565","value":"575"}},"text_max":"デビルランブルで攻撃を受けるとHP575回復","text":"デビルランブルで攻撃を受けるとHP275回復\t","prisma":1},"5150665":{"idx":"5150665","view_idx":"pc142_01","name":"PPP 온 스테이지","grade":5,"status":{"hp":1110,"atk":610},"status_max":{"atk":2782,"hp":3657},"options":{"1":{"idx":"1506650","value":"350"}},"options_max":{"1":{"idx":"1506655","value":"600"}},"text_max":"PvEでのスライドスキルに防御無視ダメージ600追加","text":"PvEでのスライドスキルに防御無視ダメージ350追加\t","prisma":0},"5150666":{"idx":"5150666","view_idx":"pc142_01","name":"PPP 온 스테이지","grade":5,"status":{"hp":1128,"atk":626},"status_max":{"atk":2810,"hp":3689},"options":{"1":{"idx":"1506660","value":"365"}},"options_max":{"1":{"idx":"1506665","value":"615"}},"text_max":"PvEでのスライドスキルに防御無視ダメージ615追加","text":"PvEでのスライドスキルに防御無視ダメージ365追加\t","prisma":1},"5150675":{"idx":"5150675","view_idx":"pc132_01","name":"특종! 한밤의 데이트","grade":5,"status":{"hp":1110,"agi":360},"status_max":{"agi":2345,"hp":3657},"options":{"1":{"idx":"1506750","value":"30%%"}},"options_max":{"1":{"idx":"1506755","value":"45%%"}},"text_max":"呪いの回避率45%増加","text":"呪いの回避率30%増加\t","prisma":0},"5150676":{"idx":"5150676","view_idx":"pc132_01","name":"특종! 한밤의 데이트","grade":5,"status":{"hp":1128,"agi":372},"status_max":{"agi":2366,"hp":3689},"options":{"1":{"idx":"1506760","value":"30.5%%"}},"options_max":{"1":{"idx":"1506765","value":"45.5%%"}},"text_max":"呪いの回避率45.5%増加","text":"呪いの回避率30.5%増加\t","prisma":1},"5150685":{"idx":"5150685","view_idx":"pc127_01","name":"영원한 사랑의 맹세를","grade":5,"status":{"atk":590,"def":630},"status_max":{"atk":2747,"def":2817},"options":{"1":{"idx":"1506850","value":"10%%"}},"options_max":{"1":{"idx":"1506855","value":"15%%"}},"text_max":"デバフ効果回避率15%増加","text":"デバフ効果回避率10%増加\t","prisma":0},"5150686":{"idx":"5150686","view_idx":"pc127_01","name":"영원한 사랑의 맹세를","grade":5,"status":{"atk":606,"def":646},"status_max":{"atk":2775,"def":2845},"options":{"1":{"idx":"1506860","value":"11%%"}},"options_max":{"1":{"idx":"1506865","value":"16%%"}},"text_max":"デバフ効果回避率16%増加","text":"デバフ効果回避率11%増加\t","prisma":1},"5150735":{"idx":"5150735","view_idx":"pc114_01","name":"지각, 지각~!","grade":5,"status":{"atk":620,"agi":370},"status_max":{"agi":2362,"atk":2800},"options":{"1":{"idx":"1507350","value":"10%%"}},"options_max":{"1":{"idx":"1507355","value":"20%%"}},"text_max":"ワールドボスでのスライドスキルダメージ20%増加","text":"ワールドボスでのスライドスキルダメージ10%増加\t","prisma":0},"5150736":{"idx":"5150736","view_idx":"pc114_01","name":"지각, 지각~!","grade":5,"status":{"atk":636,"agi":382},"status_max":{"agi":2383,"atk":2828},"options":{"1":{"idx":"1507360","value":"11%%"}},"options_max":{"1":{"idx":"1507365","value":"21%%"}},"text_max":"ワールドボスでのスライドスキルダメージ21%増加","text":"ワールドボスでのスライドスキルダメージ11%増加\t","prisma":1},"5150795":{"idx":"5150795","view_idx":"pc159_01","name":"신이 꾸는 꿈","grade":5,"status":{"atk":610,"agi":360},"status_max":{"agi":2345,"atk":2782},"options":{"1":{"idx":"1507950","value":"30%%"}},"options_max":{"1":{"idx":"1507955","value":"50%%"}},"text_max":"デビルランブルでの睡眠の回避率50%増加","text":"デビルランブルでの睡眠の回避率30%増加\t","prisma":0},"5150796":{"idx":"5150796","view_idx":"pc159_01","name":"신이 꾸는 꿈","grade":5,"status":{"atk":626,"agi":372},"status_max":{"agi":2366,"atk":2810},"options":{"1":{"idx":"1507960","value":"31.5%%"}},"options_max":{"1":{"idx":"1507965","value":"51.5%%"}},"text_max":"デビルランブルでの睡眠の回避率51.5%増加","text":"デビルランブルでの睡眠の回避率31.5%増加\t","prisma":1},"5150805":{"idx":"5150805","view_idx":"pc162_01","name":"사이 좋은 세 사람","grade":5,"status":{"hp":1110,"cri":360},"status_max":{"cri":2345,"hp":3657},"options":{"1":{"idx":"1508050","value":"15%%"}},"options_max":{"1":{"idx":"1508055","value":"22.5%%"}},"text_max":"デビルランブルでの回避率22.5%増加","text":"デビルランブルでの回避率15%増加\t","prisma":0},"5150806":{"idx":"5150806","view_idx":"pc162_01","name":"사이 좋은 세 사람","grade":5,"status":{"hp":1128,"cri":372},"status_max":{"cri":2366,"hp":3689},"options":{"1":{"idx":"1508060","value":"16%%"}},"options_max":{"1":{"idx":"1508065","value":"23.5%%"}},"text_max":"デビルランブルでの回避率23.5%増加","text":"デビルランブルでの回避率16%増加\t","prisma":1},"5150825":{"idx":"5150825","view_idx":"pc151_01","name":"왕자님 안기","grade":5,"status":{"atk":620,"cri":370},"status_max":{"atk":2800,"cri":2362},"options":{"1":{"idx":"1508250","value":"700"}},"options_max":{"1":{"idx":"1508255","value":"1200"}},"text_max":"レイドでの最終攻撃力1200増加","text":"レイドでの最終攻撃力700増加\t","prisma":0},"5150826":{"idx":"5150826","view_idx":"pc151_01","name":"왕자님 안기","grade":5,"status":{"atk":636,"cri":382},"status_max":{"atk":2828,"cri":2383},"options":{"1":{"idx":"1508260","value":"725"}},"options_max":{"1":{"idx":"1508265","value":"1225"}},"text_max":"レイドでの最終攻撃力1225増加","text":"レイドでの最終攻撃力725増加\t","prisma":1},"5150835":{"idx":"5150835","view_idx":"pc165_01","name":"도미너스 듀오","grade":5,"status":{"atk":520,"def":520},"status_max":{"atk":2625,"def":2625},"options":{"1":{"idx":"1508350","value":"100"}},"options_max":{"1":{"idx":"1508355","value":"300"}},"text_max":"吸血＆吸収量300増加(吸血or吸収スキル所持チャイルド限定発動)","text":"吸血＆吸収量100増加(吸血or吸収スキル所持チャイルド限定発動)\t","prisma":0},"5150836":{"idx":"5150836","view_idx":"pc165_01","name":"도미너스 듀오","grade":5,"status":{"atk":536,"def":536},"status_max":{"atk":2653,"def":2653},"options":{"1":{"idx":"1508360","value":"115"}},"options_max":{"1":{"idx":"1508365","value":"315"}},"text_max":"吸血＆吸収量315増加(吸血or吸収スキル所持チャイルド限定発動)","text":"吸血＆吸収量115増加(吸血or吸収スキル所持チャイルド限定発動)\t","prisma":1},"5150845":{"idx":"5150845","view_idx":"pc166_01","name":"야호기담","grade":5,"status":{"hp":1110,"atk":620},"status_max":{"atk":2800,"hp":3657},"options":{"1":{"idx":"1508450","value":"1000"}},"options_max":{"1":{"idx":"1508455","value":"2000"}},"text_max":"ワールドボスでの弱点スキル最終ダメージ2000増加","text":"ワールドボスでの弱点スキル最終ダメージ1000増加\t","prisma":0},"5150846":{"idx":"5150846","view_idx":"pc166_01","name":"야호기담","grade":5,"status":{"hp":1128,"atk":636},"status_max":{"atk":2828,"hp":3689},"options":{"1":{"idx":"1508460","value":"1100"}},"options_max":{"1":{"idx":"1508465","value":"2100"}},"text_max":"ワールドボスでの弱点スキル最終ダメージ2100増加","text":"ワールドボスでの弱点スキル最終ダメージ1100増加\t","prisma":1},"5150855":{"idx":"5150855","view_idx":"pc078_01","name":"질주하는 물의 요정","grade":5,"status":{"atk":620,"cri":370},"status_max":{"atk":2800,"cri":2362},"options":{"1":{"idx":"1508550","value":"4000"}},"options_max":{"1":{"idx":"1508555","value":"6500"}},"text_max":"レイドでのクリティカル攻撃ダメージ6500増加","text":"レイドでのクリティカル攻撃ダメージ4000増加\t","prisma":0},"5150856":{"idx":"5150856","view_idx":"pc078_01","name":"질주하는 물의 요정","grade":5,"status":{"atk":636,"cri":382},"status_max":{"atk":2828,"cri":2383},"options":{"1":{"idx":"1508560","value":"4100"}},"options_max":{"1":{"idx":"1508565","value":"6600"}},"text_max":"レイドでのクリティカル攻撃ダメージ6600増加","text":"レイドでのクリティカル攻撃ダメージ4100増加\t","prisma":1},"5150875":{"idx":"5150875","view_idx":"pc167_01","name":"천사의 미소","grade":5,"status":{"hp":1110,"def":580},"status_max":{"hp":3657,"def":2730},"options":{"1":{"idx":"1508750","value":"800"}},"options_max":{"1":{"idx":"1508755","value":"1300"}},"text_max":"最終防御力1300増加","text":"最終防御力800増加\t","prisma":0},"5150876":{"idx":"5150876","view_idx":"pc167_01","name":"천사의 미소","grade":5,"status":{"hp":1128,"def":596},"status_max":{"hp":3689,"def":2758},"options":{"1":{"idx":"1508760","value":"825"}},"options_max":{"1":{"idx":"1508765","value":"1325"}},"text_max":"最終防御力1325増加","text":"最終防御力825増加\t","prisma":1},"5150885":{"idx":"5150885","view_idx":"pc054_01","name":"마음은 하나뿐","grade":5,"status":{"atk":620,"agi":370},"status_max":{"agi":2362,"atk":2800},"options":{"1":{"idx":"1508850","value":"400"}},"options_max":{"1":{"idx":"1508855","value":"850"}},"text_max":"レイドでスライドスキルに防御無視ダメージ850追加","text":"レイドでスライドスキルに防御無視ダメージ400追加\t","prisma":0},"5150886":{"idx":"5150886","view_idx":"pc054_01","name":"마음은 하나뿐","grade":5,"status":{"atk":636,"agi":382},"status_max":{"agi":2383,"atk":2828},"options":{"1":{"idx":"1508860","value":"415"}},"options_max":{"1":{"idx":"1508865","value":"865"}},"text_max":"レイドでスライドスキルに防御無視ダメージ865追加","text":"レイドでスライドスキルに防御無視ダメージ415追加\t","prisma":1},"5150905":{"idx":"5150905","view_idx":"pc182_01","name":"애니버서리 파티","grade":5,"status":{"hp":1040,"def":540},"status_max":{"hp":3535,"def":2660},"options":{"1":{"idx":"1509050","value":"520"}},"options_max":{"1":{"idx":"1509055","value":"1020"}},"text_max":"デビルランブルでの最終攻撃力1020増加","text":"デビルランブルでの最終攻撃力520増加\t","prisma":0},"5150906":{"idx":"5150906","view_idx":"pc182_01","name":"애니버서리 파티","grade":5,"status":{"hp":1058,"def":556},"status_max":{"hp":3566,"def":2688},"options":{"1":{"idx":"1509060","value":"545"}},"options_max":{"1":{"idx":"1509065","value":"1045"}},"text_max":"デビルランブルでの最終攻撃力1045増加","text":"デビルランブルでの最終攻撃力545増加\t","prisma":1},"5150925":{"idx":"5150925","view_idx":"pc175_01","name":"고민의 순간","grade":5,"status":{"atk":620,"def":610},"status_max":{"atk":2800,"def":2782},"options":{"1":{"idx":"1509250","value":"1150"}},"options_max":{"1":{"idx":"1509255","value":"1900"}},"text_max":"ワールドボスでの最終攻撃力1900増加","text":"ワールドボスでの最終攻撃力1150増加\t","prisma":0},"5150926":{"idx":"5150926","view_idx":"pc175_01","name":"고민의 순간","grade":5,"status":{"atk":636,"def":626},"status_max":{"atk":2828,"def":2810},"options":{"1":{"idx":"1509260","value":"1175"}},"options_max":{"1":{"idx":"1509265","value":"1925"}},"text_max":"ワールドボスでの最終攻撃力1925増加","text":"ワールドボスでの最終攻撃力1175増加\t","prisma":1},"5150935":{"idx":"5150935","view_idx":"jp/destinedlove","name":"안녕, 나의 사랑","grade":5,"status":{"atk":620,"agi":370},"status_max":{"agi":2362,"atk":2800},"options":{"1":{"idx":"1509350","value":"10%%"}},"options_max":{"1":{"idx":"1509355","value":"20%%"}},"text_max":"レイドにてノーマルスキルのクリティカルダメージ20%増加","text":"レイドにてノーマルスキルのクリティカルダメージ10%増加\t","prisma":0},"5150936":{"idx":"5150936","view_idx":"pc152_01","name":"안녕, 나의 사랑","grade":5,"status":{"atk":636,"agi":382},"status_max":{"agi":2383,"atk":2828},"options":{"1":{"idx":"1509360","value":"10.5%%"}},"options_max":{"1":{"idx":"1509365","value":"20.5%%"}},"text_max":"レイドにてノーマルスキルのクリティカルダメージ20.5%増加","text":"レイドにてノーマルスキルのクリティカルダメージ10.5%増加\t","prisma":1},"5150945":{"idx":"5150945","view_idx":"pc155_01","name":"기도하는 소녀","grade":5,"status":{"atk":620,"cri":370},"status_max":{"atk":2800,"cri":2362},"options":{"1":{"idx":"1509450","value":"1150"}},"options_max":{"1":{"idx":"1509455","value":"1900"}},"text_max":"ワールドボスでの最終攻撃力1900増加","text":"ワールドボスでの最終攻撃力1150増加\t","prisma":0},"5150946":{"idx":"5150946","view_idx":"pc155_01","name":"기도하는 소녀","grade":5,"status":{"atk":636,"cri":382},"status_max":{"atk":2828,"cri":2383},"options":{"1":{"idx":"1509460","value":"1175"}},"options_max":{"1":{"idx":"1509465","value":"1925"}},"text_max":"ワールドボスでの最終攻撃力1925増加","text":"ワールドボスでの最終攻撃力1175増加\t","prisma":1},"5150955":{"idx":"5150955","view_idx":"pc156_01","name":"오락실 전쟁","grade":5,"status":{"atk":620,"agi":370},"status_max":{"agi":2362,"atk":2800},"options":{"1":{"idx":"1509550","value":"10"}},"options_max":{"1":{"idx":"1509555","value":"50"}},"text_max":"デビルランブルでの侵食ダメージ50増加","text":"デビルランブルでの侵食ダメージ10増加\t","prisma":0},"5150956":{"idx":"5150956","view_idx":"pc156_01","name":"오락실 전쟁","grade":5,"status":{"atk":636,"agi":382},"status_max":{"agi":2383,"atk":2828},"options":{"1":{"idx":"1509560","value":"15"}},"options_max":{"1":{"idx":"1509565","value":"55"}},"text_max":"デビルランブルでの侵食ダメージ55増加","text":"デビルランブルでの侵食ダメージ15増加\t","prisma":1},"5150975":{"idx":"5150975","view_idx":"pc153_01","name":"순수한 악의","grade":5,"status":{"hp":1110,"def":620},"status_max":{"hp":3657,"def":2800},"options":{"1":{"idx":"1509750","value":"15%%"}},"options_max":{"1":{"idx":"1509755","value":"30%%"}},"text_max":"ワールドボスでのデバフ回避率30%増加","text":"ワールドボスでのデバフ回避率15%増加\t","prisma":0},"5150976":{"idx":"5150976","view_idx":"pc153_01","name":"순수한 악의","grade":5,"status":{"hp":1128,"def":636},"status_max":{"hp":3689,"def":2828},"options":{"1":{"idx":"1509760","value":"17%%"}},"options_max":{"1":{"idx":"1509765","value":"32%%"}},"text_max":"ワールドボスでのデバフ回避率32%増加","text":"ワールドボスでのデバフ回避率17%増加\t","prisma":1},"5151005":{"idx":"5151005","view_idx":"pc191_01","name":"나른한 해변","grade":5,"status":{"atk":620,"cri":370},"status_max":{"atk":2800,"cri":2362},"options":{"1":{"idx":"1510050","value":"10%%"}},"options_max":{"1":{"idx":"1510055","value":"20%%"}},"text_max":"ワールドボスでのスライドスキルダメージ20%増加","text":"ワールドボスでのスライドスキルダメージ10%増加\t","prisma":0},"5151006":{"idx":"5151006","view_idx":"pc191_01","name":"나른한 해변","grade":5,"status":{"atk":636,"cri":382},"status_max":{"atk":2828,"cri":2383},"options":{"1":{"idx":"1510060","value":"11%%"}},"options_max":{"1":{"idx":"1510065","value":"21%%"}},"text_max":"ワールドボスでのスライドスキルダメージ21%増加","text":"ワールドボスでのスライドスキルダメージ11%増加\t","prisma":1},"5151015":{"idx":"5151015","view_idx":"pc192_01","name":"실례합니다...?","grade":5,"status":{"hp":1110,"def":620},"status_max":{"hp":3657,"def":2800},"options":{"1":{"idx":"1510150","value":"350"}},"options_max":{"1":{"idx":"1510155","value":"600"}},"text_max":"デビルランブルで攻撃するとHP600回復","text":"デビルランブルで攻撃するとHP350回復\t","prisma":0},"5151016":{"idx":"5151016","view_idx":"pc192_01","name":"실례합니다...?","grade":5,"status":{"hp":1128,"def":636},"status_max":{"hp":3689,"def":2828},"options":{"1":{"idx":"1510160","value":"375"}},"options_max":{"1":{"idx":"1510165","value":"625"}},"text_max":"デビルランブルで攻撃するとHP625回復","text":"デビルランブルで攻撃するとHP375回復\t","prisma":1},"5151025":{"idx":"5151025","view_idx":"pc193_01","name":"로미오와 쥴리엣","grade":5,"status":{"atk":620,"cri":370},"status_max":{"atk":2800,"cri":2362},"options":{"1":{"idx":"1510250","value":"450"}},"options_max":{"1":{"idx":"1510255","value":"885"}},"text_max":"レイドでのノーマルスキルダメージ885増加","text":"レイドでのノーマルスキルダメージ450増加\t","prisma":0},"5151026":{"idx":"5151026","view_idx":"pc193_01","name":"로미오와 쥴리엣","grade":5,"status":{"atk":636,"cri":382},"status_max":{"atk":2828,"cri":2383},"options":{"1":{"idx":"1510260","value":"465"}},"options_max":{"1":{"idx":"1510265","value":"900"}},"text_max":"レイドでのノーマルスキルダメージ900増加","text":"レイドでのノーマルスキルダメージ465増加\t","prisma":1},"5151035":{"idx":"5151035","view_idx":"pc194_01","name":"여름 바캉스","grade":5,"status":{"hp":1110,"atk":620},"status_max":{"atk":2800,"hp":3657},"options":{"1":{"idx":"1510350","value":"3%%"}},"options_max":{"1":{"idx":"1510355","value":"8%%"}},"text_max":"デビルランブルでのスキルゲージチャージ速度8%増加","text":"デビルランブルでのスキルゲージチャージ速度3%増加\t","prisma":0},"5151036":{"idx":"5151036","view_idx":"pc194_01","name":"여름 바캉스","grade":5,"status":{"hp":1128,"atk":636},"status_max":{"atk":2828,"hp":3689},"options":{"1":{"idx":"1510360","value":"4%%"}},"options_max":{"1":{"idx":"1510365","value":"9%%"}},"text_max":"デビルランブルでのスキルゲージチャージ速度9%増加","text":"デビルランブルでのスキルゲージチャージ速度4%増加\t","prisma":1},"5151055":{"idx":"5151055","view_idx":"pc137_01","name":"불타는 승부","grade":5,"status":{"hp":1110,"agi":370},"status_max":{"agi":2362,"hp":3657},"options":{"1":{"idx":"1510550","value":"-5%%"}},"options_max":{"1":{"idx":"1510555","value":"-15%%"}},"text_max":"デビルランブルでのデバフ持続時間-15%","text":"デビルランブルでのデバフ持続時間-5%\t","prisma":0},"5151056":{"idx":"5151056","view_idx":"pc137_01","name":"불타는 승부","grade":5,"status":{"hp":1128,"agi":382},"status_max":{"agi":2383,"hp":3689},"options":{"1":{"idx":"1510560","value":"-6%%"}},"options_max":{"1":{"idx":"1510565","value":"-16%%"}},"text_max":"デビルランブルでのデバフ持続時間-16%","text":"デビルランブルでのデバフ持続時間-6%\t","prisma":1},"5151085":{"idx":"5151085","view_idx":"pc198_01","name":"비치 푸드 페스티벌","grade":5,"status":{"hp":1110,"def":620},"status_max":{"hp":3657,"def":2800},"options":{"1":{"idx":"1510850","value":"3%%"}},"options_max":{"1":{"idx":"1510855","value":"8%%"}},"text_max":"攻撃を受けるとスキルゲージ8%追加","text":"攻撃を受けるとスキルゲージ3%追加\t","prisma":0},"5151086":{"idx":"5151086","view_idx":"pc198_01","name":"비치 푸드 페스티벌","grade":5,"status":{"hp":1128,"def":636},"status_max":{"hp":3689,"def":2828},"options":{"1":{"idx":"1510860","value":"4%%"}},"options_max":{"1":{"idx":"1510865","value":"9%%"}},"text_max":"攻撃を受けるとスキルゲージ9%追加","text":"攻撃を受けるとスキルゲージ4%追加\t","prisma":1},"5151095":{"idx":"5151095","view_idx":"pc199_01","name":"끈적하고 축축한 여름","grade":5,"status":{"hp":1110,"atk":620},"status_max":{"atk":2800,"hp":3657},"options":{"1":{"idx":"1510950","value":"3%%"}},"options_max":{"1":{"idx":"1510955","value":"8%%"}},"text_max":"デビルランブルでのスキルゲージチャージ速度8%増加","text":"デビルランブルでのスキルゲージチャージ速度3%増加\t","prisma":0},"5151096":{"idx":"5151096","view_idx":"pc199_01","name":"끈적하고 축축한 여름","grade":5,"status":{"hp":1128,"atk":636},"status_max":{"atk":2828,"hp":3689},"options":{"1":{"idx":"1510960","value":"4%%"}},"options_max":{"1":{"idx":"1510965","value":"9%%"}},"text_max":"デビルランブルでのスキルゲージチャージ速度9%増加","text":"デビルランブルでのスキルゲージチャージ速度4%増加\t","prisma":1},"5151105":{"idx":"5151105","view_idx":"pc200_01","name":"수영복을 입어요","grade":5,"status":{"hp":1110,"atk":620},"status_max":{"atk":2800,"hp":3657},"options":{"1":{"idx":"1511050","value":"3%%"}},"options_max":{"1":{"idx":"1511055","value":"8%%"}},"text_max":"デビルランブルでのスキルゲージチャージ速度8%増加","text":"デビルランブルでのスキルゲージチャージ速度3%増加\t","prisma":0},"5151106":{"idx":"5151106","view_idx":"pc200_01","name":"수영복을 입어요","grade":5,"status":{"hp":1128,"atk":636},"status_max":{"atk":2828,"hp":3689},"options":{"1":{"idx":"1511060","value":"4%%"}},"options_max":{"1":{"idx":"1511065","value":"9%%"}},"text_max":"デビルランブルでのスキルゲージチャージ速度9%増加","text":"デビルランブルでのスキルゲージチャージ速度4%増加\t","prisma":1},"5151115":{"idx":"5151115","view_idx":"pc201_01","name":"럭셔리 썸머","grade":5,"status":{"hp":1110,"atk":620},"status_max":{"atk":2800,"hp":3657},"options":{"1":{"idx":"1511150","value":"3%%"}},"options_max":{"1":{"idx":"1511155","value":"8%%"}},"text_max":"デビルランブルでのスキルゲージチャージ速度8%増加","text":"デビルランブルでのスキルゲージチャージ速度3%増加\t","prisma":0},"5151116":{"idx":"5151116","view_idx":"pc201_01","name":"럭셔리 썸머","grade":5,"status":{"hp":1128,"atk":636},"status_max":{"atk":2828,"hp":3689},"options":{"1":{"idx":"1511160","value":"4%%"}},"options_max":{"1":{"idx":"1511165","value":"9%%"}},"text_max":"デビルランブルでのスキルゲージチャージ速度9%増加","text":"デビルランブルでのスキルゲージチャージ速度4%増加\t","prisma":1},"5151125":{"idx":"5151125","view_idx":"pc202_01","name":"빛나는 파도를 향해","grade":5,"status":{"atk":620,"cri":370},"status_max":{"atk":2800,"cri":2362},"options":{"1":{"idx":"1511250","value":"15%%"}},"options_max":{"1":{"idx":"1511255","value":"36%%"}},"text_max":"レイドにてスライドスキルのクリティカルダメージ36%増加","text":"レイドにてスライドスキルのクリティカルダメージ15%増加\t","prisma":0},"5151126":{"idx":"5151126","view_idx":"pc202_01","name":"빛나는 파도를 향해","grade":5,"status":{"atk":636,"cri":382},"status_max":{"atk":2828,"cri":2383},"options":{"1":{"idx":"1511260","value":"16%%"}},"options_max":{"1":{"idx":"1511265","value":"37%%"}},"text_max":"レイドにてスライドスキルのクリティカルダメージ37%増加","text":"レイドにてスライドスキルのクリティカルダメージ16%増加\t","prisma":1},"5151135":{"idx":"5151135","view_idx":"pc185_01","name":"두 번째 죽음","grade":5,"status":{"atk":620,"cri":370},"status_max":{"atk":2800,"cri":2362},"options":{"1":{"idx":"1511350","value":"1400"}},"options_max":{"1":{"idx":"1511355","value":"2400"}},"text_max":"レイドでの弱点スキル最終ダメージ2400増加","text":"レイドでの弱点スキル最終ダメージ1400増加\t","prisma":0},"5151136":{"idx":"5151136","view_idx":"pc185_01","name":"두 번째 죽음","grade":5,"status":{"atk":636,"cri":382},"status_max":{"atk":2828,"cri":2383},"options":{"1":{"idx":"1511360","value":"1500"}},"options_max":{"1":{"idx":"1511365","value":"2500"}},"text_max":"レイドでの弱点スキル最終ダメージ2500増加","text":"レイドでの弱点スキル最終ダメージ1500増加\t","prisma":1},"5151145":{"idx":"5151145","view_idx":"pc203_01","name":"물놀이하러 가자","grade":5,"status":{"hp":1110,"atk":620},"status_max":{"atk":2800,"hp":3657},"options":{"1":{"idx":"1511450","value":"3%%"}},"options_max":{"1":{"idx":"1511455","value":"8%%"}},"text_max":"デビルランブルでのスキルゲージチャージ速度8%増加","text":"デビルランブルでのスキルゲージチャージ速度3%増加\t","prisma":0},"5151146":{"idx":"5151146","view_idx":"pc203_01","name":"물놀이하러 가자","grade":5,"status":{"hp":1128,"atk":636},"status_max":{"atk":2828,"hp":3689},"options":{"1":{"idx":"1511460","value":"4%%"}},"options_max":{"1":{"idx":"1511465","value":"9%%"}},"text_max":"デビルランブルでのスキルゲージチャージ速度9%増加","text":"デビルランブルでのスキルゲージチャージ速度4%増加\t","prisma":1},"5151155":{"idx":"5151155","view_idx":"pc082_01","name":"루살카의 마음","grade":5,"status":{"atk":620,"cri":370},"status_max":{"atk":2800,"cri":2362},"options":{"1":{"idx":"1511550","value":"1150"}},"options_max":{"1":{"idx":"1511555","value":"1900"}},"text_max":"ワールドボスでの最終攻撃力1900増加","text":"ワールドボスでの最終攻撃力1150増加\t","prisma":0},"5151156":{"idx":"5151156","view_idx":"pc082_01","name":"루살카의 마음","grade":5,"status":{"atk":636,"cri":382},"status_max":{"atk":2828,"cri":2383},"options":{"1":{"idx":"1511560","value":"1175"}},"options_max":{"1":{"idx":"1511565","value":"1925"}},"text_max":"ワールドボスでの最終攻撃力1925増加","text":"ワールドボスでの最終攻撃力1175増加\t","prisma":1}}