[{"idx":"5130155","idx2":"","dbcode":5,"grade":3,"code":"","en_name":"afternoon train","jp_name":"","kr_name":"","image1":"/images/sc/afternoontrain.jpg","restriction":"Light","ability":"Curse +20","notes":"","date":"2020-08-01","enabled":"t"},{"idx":"5130055","idx2":"","dbcode":22,"grade":3,"code":"","en_name":"marine idol","jp_name":"","kr_name":"","image1":"/images/sc/marineidol.jpg","restriction":"Water","ability":"Poison +30 (120).","notes":"","date":"2020-08-01","enabled":"t"},{"idx":"5130015","idx2":"","dbcode":53,"grade":3,"code":"","en_name":"kokoro","jp_name":"","kr_name":"","image1":"/images/sc/kokoro.jpg","restriction":"None","ability":"Increase Final critical by +100.","notes":"","date":"2020-08-01","enabled":"t"},{"idx":"5130025","idx2":"","dbcode":54,"grade":3,"code":"","en_name":"misaki","jp_name":"","kr_name":"","image1":"/images/sc/misaki.jpg","restriction":"None","ability":"Increase HoT received by +15.","notes":"","date":"2020-08-01","enabled":"t"},{"idx":"5130001","idx2":"","dbcode":56,"grade":3,"code":"","en_name":"sc booster 3","jp_name":"","kr_name":"","image1":"/images/sc/scupgrade3.jpg","restriction":"None.","ability":"Increase + EXP by 28.","notes":"","date":"2020-08-01","enabled":"t"},{"idx":"5140055","idx2":"","dbcode":14,"grade":4,"code":"","en_name":"good moa","jp_name":"","kr_name":"","image1":"/images/sc/goodmoa.jpg","restriction":"None","ability":"Poison +50 (250 at lvl40 +4).","notes":"","date":"2020-08-01","enabled":"t"},{"idx":"5140115","idx2":"","dbcode":15,"grade":4,"code":"","en_name":"hero","jp_name":"","kr_name":"","image1":"/images/sc/hero.jpg","restriction":"None","ability":"Absorb 100HP in Devil Rumble.","notes":"","date":"2020-08-01","enabled":"t"},{"idx":"5140095","idx2":"","dbcode":18,"grade":4,"code":"","en_name":"high jump","jp_name":"","kr_name":"","image1":"/images/sc/highjump.jpg","restriction":"Fire","ability":"Bleed +70.","notes":"","date":"2020-08-01","enabled":"t"},{"idx":"5140025","idx2":"","dbcode":48,"grade":4,"code":"","en_name":"in the clouds","jp_name":"","kr_name":"","image1":"/images/sc/lookupatclouds.jpg","restriction":"None","ability":"Add 3% of your Final attack power to your Final agility power.","notes":"","date":"2020-08-01","enabled":"t"},{"idx":"5140015","idx2":"","dbcode":49,"grade":4,"code":"","en_name":"lacia","jp_name":"","kr_name":"","image1":"/images/sc/lacia.jpg","restriction":"None","ability":"Add 2% of your Final attack power to your Final critical power.","notes":"","date":"2020-08-01","enabled":"t"},{"idx":"5140035","idx2":"","dbcode":52,"grade":4,"code":"","en_name":"luna","jp_name":"","kr_name":"","image1":"/images/sc/runa.jpg","restriction":"None","ability":"Increase Blind Resist by +15% in Devil Rumble.","notes":"DOA Collab Soulcard","date":"2020-08-01","enabled":"t"},{"idx":"5140045","idx2":"","dbcode":51,"grade":4,"code":"","en_name":"nyotengu","jp_name":"","kr_name":"","image1":"/images/sc/onnatengu.jpg","restriction":"Light","ability":"Increase Curse damage by +75.","notes":"","date":"2020-08-01","enabled":"t"},{"idx":"5140001","idx2":"","dbcode":50,"grade":4,"code":"","en_name":"sc booster 4","jp_name":"","kr_name":"","image1":"/images/sc/scupgrade4.jpg","restriction":"none.","ability":"Increases + EXP by 84.","notes":"","date":"2020-08-01","enabled":"t"},{"idx":"5140105","idx2":"","dbcode":29,"grade":4,"code":"","en_name":"strategist night","jp_name":"","kr_name":"","image1":"/images/sc/strategistnight.jpg","restriction":" Defencer","ability":"Final Defense +10%.","notes":"","date":"2020-08-01","enabled":"t"},{"idx":"5140085","idx2":"","dbcode":33,"grade":4,"code":"","en_name":"time over","jp_name":"","kr_name":"","image1":"/images/sc/timeover.jpg","restriction":"None","ability":"Silence Resist +10% (16% at lvl40 +4) in Devil Rumble.","notes":"","date":"2020-08-01","enabled":"t"},{"idx":"5150001","idx2":"","dbcode":44,"grade":5,"code":"","en_name":"sc booster 5","jp_name":"","kr_name":"","image1":"/images/sc/scupgrade5.jpg","restriction":"None.","ability":"Increases + EXP by 480.","notes":"","date":"2020-08-01","enabled":"t"},{"idx":"5130145","idx2":"","dbcode":38,"grade":3,"code":"","en_name":"secret date","jp_name":"","kr_name":"","image1":"/images/sc/secretdate.jpg","restriction":"Forest","ability":"HP +200.","notes":"","date":"2020-08-01","enabled":"t"},{"idx":"5130175","idx2":"","dbcode":26,"grade":3,"code":"","en_name":"serious worker","jp_name":"","kr_name":"","image1":"/images/sc/seriousworker.jpg","restriction":"Dark","ability":"Final Defense +200.","notes":"","date":"2020-08-01","enabled":"t"},{"idx":"5130165","idx2":"","dbcode":27,"grade":3,"code":"","en_name":"small assailant","jp_name":"","kr_name":"","image1":"/images/sc/smallassailant.jpg","restriction":" Attacker","ability":"Final Attack +300 (600 at lvl30 +3).","notes":"","date":"2020-08-01","enabled":"t"},{"idx":"5130075","idx2":"5130076","dbcode":31,"grade":3,"code":"","en_name":"sweet propose","jp_name":"","kr_name":"","image1":"/images/sc/sweetpropose.jpg","restriction":"Fire","ability":"Bleed +20.","notes":"","date":"2020-08-01","enabled":"t"},{"idx":"5150595","idx2":"5150596","dbcode":81,"grade":5,"code":"","en_name":"lost dream","jp_name":"","kr_name":"","image1":"/images/sc/lostdream.jpg","restriction":"Fire","ability":"\"Deadly poison\" damage +200 (250) [+10 if Prism]","notes":"","date":"2020-08-01","enabled":"t"},{"idx":"5150235","idx2":"5150236","dbcode":42,"grade":5,"code":"","en_name":"dive","jp_name":"","kr_name":"","image1":"/images/sc/dive.jpg","restriction":" Attacker","ability":"In PvP only, upon using Tap Skill, 25% (40%) chance of gaining 800 (1300) Barrier for 10s to self","notes":"","date":"2020-08-01","enabled":"t"},{"idx":"5150685","idx2":"5150686","dbcode":87,"grade":5,"code":"","en_name":"eternal oath","jp_name":"","kr_name":"","image1":"/images/sc/eternaloath.jpg","restriction":"None","ability":"Debuff Evasion +10%(15%) [+1% if Prism]","notes":"","date":"2020-08-01","enabled":"t"},{"idx":"5150305","idx2":"5150306","dbcode":40,"grade":5,"code":"","en_name":"7th runaway","jp_name":"","kr_name":"","image1":"/images/sc/runaway.jpg","restriction":"Light","ability":"Increase Critical stat by 800(1300)[+25 if prism] in Raid Boss.","notes":"","date":"2020-08-01","enabled":"t"},{"idx":"5150485","idx2":"5150486","dbcode":68,"grade":5,"code":"","en_name":"adventure of the genius","jp_name":"","kr_name":"","image1":"/images/sc/handsomeadventure.jpg","restriction":"Water Attacker","ability":"Increase critical rate by 6%(16%)[+0.5 if prism]","notes":"","date":"2020-08-01","enabled":"t"},{"idx":"5150145","idx2":"5150146","dbcode":4,"grade":5,"code":"","en_name":"afternoon nap","jp_name":"","kr_name":"","image1":"/images/sc/afternoonnap.jpg","restriction":"Fire","ability":"DoT Accuracy +30% (55%)[+5 if prism] in WorldBoss","notes":"","date":"2020-08-01","enabled":"t"},{"idx":"5150025","idx2":"5150026","dbcode":7,"grade":5,"code":"","en_name":"azure girl","jp_name":"","kr_name":"","image1":"/images/sc/azuregirl.jpg","restriction":"Water","ability":"Poison +1000 (1500)[+100 if prism] in WorldBoss.","notes":"","date":"2020-08-01","enabled":"t"},{"idx":"5150195","idx2":"5150196","dbcode":9,"grade":5,"code":"","en_name":"believe","jp_name":"","kr_name":"","image1":"/images/sc/believe.jpg","restriction":"Forest","ability":"Reduce poison damage received by 250 (500)[+15 if prism] in Devil Rumble.","notes":"","date":"2020-08-01","enabled":"t"},{"idx":"5150515","idx2":"5150516","dbcode":67,"grade":5,"code":"","en_name":"cake aesthetics","jp_name":"","kr_name":"","image1":"/images/sc/cakeaesthetics.jpg","restriction":"Fire Attacker","ability":"Slide skill critical damage +10%(20%)[+0.5 if prism]","notes":"","date":"2020-08-01","enabled":"t"},{"idx":"5150425","idx2":"5150426","dbcode":66,"grade":5,"code":"","en_name":"christmas gift","jp_name":"","kr_name":"","image1":"/images/sc/christmasgift.jpg","restriction":" Attacker","ability":"Slide skill damage +350(500)[+15 if prism]","notes":"","date":"2020-08-01","enabled":"t"},{"idx":"5150315","idx2":"5150316","dbcode":43,"grade":5,"code":"","en_name":"crossed hearts","jp_name":"","kr_name":"","image1":"/images/sc/crossedheart.jpg","restriction":"None","ability":"Increase Stun Ignore by 30%(50%)[+1.5 if prism] in Devil Rumble.","notes":"","date":"2020-08-01","enabled":"t"},{"idx":"5150525","idx2":"5150526","dbcode":71,"grade":5,"code":"","en_name":"dangerous gambler","jp_name":"","kr_name":"","image1":"/images/sc/dangerousgambler.jpg","restriction":"Light Attacker","ability":"Slide skill critical damage +10%(20%)[+0.5 if prism]","notes":"","date":"2020-08-01","enabled":"t"},{"idx":"5150575","idx2":"5150576","dbcode":76,"grade":5,"code":"","en_name":"dark town mistress","jp_name":"","kr_name":"","image1":"/images/sc/darktownleader.jpg","restriction":"Dark Attacker","ability":"Increase critical hit chance by 5%(15%)[+0.5 if prism].","notes":"","date":"2020-08-01","enabled":"t"},{"idx":"5150265","idx2":"5150266","dbcode":13,"grade":5,"code":"","en_name":"endo siblings","jp_name":"","kr_name":"","image1":"/images/sc/endosiblings.jpg","restriction":"None","ability":"9%(14%) of agility is added to attack.","notes":"","date":"2020-08-01","enabled":"t"},{"idx":"5150635","idx2":"5150636","dbcode":82,"grade":5,"code":"","en_name":"fluffy melons","jp_name":"","kr_name":"","image1":"/images/sc/fluffymelons.jpg","restriction":"None","ability":"Instant heal increased by 850(1350)","notes":"","date":"2020-08-01","enabled":"t"},{"idx":"5150626","idx2":"","dbcode":83,"grade":5,"code":"","en_name":"glossy peach","jp_name":"","kr_name":"","image1":"/images/sc/glossypeach.jpg","restriction":"None","ability":"Sustained recovery (HoT) increased by 145(245)","notes":"","date":"2020-08-01","enabled":"t"},{"idx":"5150295","idx2":"5150296","dbcode":55,"grade":5,"code":"","en_name":"forbidden fruit","jp_name":"","kr_name":"","image1":"/images/sc/forbiddenfruit.jpg","restriction":"None","ability":"30%(80%)[+2.5 if Prism] chance to ignore Death Heal in Raid Boss.","notes":"","date":"2020-08-01","enabled":"t"},{"idx":"5150395","idx2":"5150396","dbcode":60,"grade":5,"code":"","en_name":"ganryu davi","jp_name":"","kr_name":"","image1":"/images/sc/ganryudavi.jpg","restriction":"None","ability":"Add 9.5%(14.5%) of your defense to your attack power.","notes":"","date":"2020-08-01","enabled":"t"},{"idx":"5150565","idx2":"5150566","dbcode":75,"grade":5,"code":"","en_name":"god have mercy","jp_name":"","kr_name":"","image1":"/images/sc/godhavemercy.jpg","restriction":"Light Attacker","ability":"Increase critical hit chance by 5%(15%)[+0.5 if Prism].","notes":"","date":"2020-08-01","enabled":"t"},{"idx":"5150365","idx2":"5150366","dbcode":58,"grade":5,"code":"","en_name":"halloween diva","jp_name":"","kr_name":"","image1":"/images/sc/halloweendiva.jpg","restriction":"None","ability":"Increase Final HP +1500(2500)[+20 if Prism]","notes":"","date":"2020-08-01","enabled":"t"},{"idx":"5150275","idx2":"5150276","dbcode":17,"grade":5,"code":"","en_name":"higgins daughters","jp_name":"","kr_name":"","image1":"/images/sc/higginsdaughters.jpg","restriction":"None","ability":"9%(14%) of critical is added to attack.","notes":"","date":"2020-08-01","enabled":"t"},{"idx":"5150585","idx2":"5150586","dbcode":77,"grade":5,"code":"","en_name":"home-made chocolate","jp_name":"","kr_name":"","image1":"/images/sc/callthecops.jpg","restriction":"None","ability":"9%(14%)[+0.5 if Prism] of defense stat is added to critical.","notes":"","date":"2020-08-01","enabled":"t"},{"idx":"5150285","idx2":"5150286","dbcode":39,"grade":5,"code":"","en_name":"iced americano","jp_name":"","kr_name":"","image1":"/images/sc/icedamericano.jpg","restriction":" Attacker","ability":"Using slide skill grants a 40% (45%)[+0.5 if Prism]chance to get 700HP(1200HP)[+50 if Prism] barrier for 10 seconds in Underground.","notes":"","date":"2020-08-01","enabled":"t"},{"idx":"5150405","idx2":"5150406","dbcode":62,"grade":"5","code":"","en_name":"inspiration","jp_name":"","kr_name":"","image1":"/images/sc/inspiration.jpg","restriction":"Dark","ability":"Ignore Damage +350(500)[+15 if Prism] added to Tap Skill in Raid Boss.","notes":"","date":"2020-08-01","enabled":"t"},{"idx":"5150545","idx2":"5150546","dbcode":73,"grade":5,"code":"","en_name":"melty christmas","jp_name":"","kr_name":"","image1":"/images/sc/meltychristmas.jpg","restriction":"Forest Attacker","ability":"Slide skill critical damage +10%(20%)[+0.5 if Prism]","notes":"","date":"2020-08-01","enabled":"t"},{"idx":"5150455","idx2":"5150456","dbcode":64,"grade":5,"code":"","en_name":"nobalman's new year","jp_name":"","kr_name":"","image1":"/images/sc/nobalnewyear.jpg","restriction":"Light","ability":"Attack stat +1150(1900)[+25 if Prism] at WorldBoss.","notes":"","date":"2020-08-01","enabled":"t"},{"idx":"5150385","idx2":"5150386","dbcode":61,"grade":5,"code":"","en_name":"queen of the night","jp_name":"","kr_name":"","image1":"/images/sc/queenofnight.jpg","restriction":"None","ability":"Attack +500(1000)[+25 if Prism]","notes":"","date":"2020-08-01","enabled":"t"},{"idx":"5150665","idx2":"5150666","dbcode":84,"grade":5,"code":"","en_name":"ppp on stage","jp_name":"","kr_name":"","image1":"/images/sc/ppponstage.jpg","restriction":"None","ability":"Deal 350(600)[+15 if Prism] Ignore Defense damage when using Slide Skill in PVE.","notes":"","date":"2020-08-01","enabled":"t"},{"idx":"5150045","idx2":"5150046","dbcode":23,"grade":5,"code":"","en_name":"piercing blue sky","jp_name":"","kr_name":"","image1":"/images/sc/piercingbluesky.jpg","restriction":"Light Attacker","ability":"50% (65%)[+1 if Prism] chance to ignore Taunt.","notes":"","date":"2020-08-01","enabled":"t"},{"idx":"5150435","idx2":"5150436","dbcode":78,"grade":5,"code":"","en_name":"go-home club","jp_name":"","kr_name":"","image1":"/images/sc/kitakubunewyear.jpg","restriction":"None","ability":"9%(14%)[+0.5 if Prism] of Agility is added to HP","notes":"","date":"2020-08-01","enabled":"t"},{"idx":"5150445","idx2":"5150446","dbcode":65,"grade":5,"code":"","en_name":"i love sake!","jp_name":"","kr_name":"","image1":"/images/sc/ilovesake.jpg","restriction":"Light","ability":"Defense +800(1300)[+25 if Prism]","notes":"","date":"2020-08-01","enabled":"t"},{"idx":"5150255","idx2":"5150256","dbcode":1,"grade":5,"code":"","en_name":"seaside goddess","jp_name":"","kr_name":"","image1":"/images/sc/seasidegoddess.jpg","restriction":"None","ability":"Bleed +220 (320)[+10 if Prism] in Devil Rumble.","notes":"","date":"2020-08-01","enabled":"t"},{"idx":"5150215","idx2":"5150216","dbcode":2,"grade":5,"code":"","en_name":"vacation","jp_name":"","kr_name":"","image1":"/images/sc/vacation.jpg","restriction":"None","ability":"Poison evasion +35% (50%)[+0.5 if Prism] in Devil Rumble.","notes":"","date":"2020-08-01","enabled":"t"},{"idx":"5150055","idx2":"5150056","dbcode":36,"grade":5,"code":"","en_name":"wandering doctor","jp_name":"","kr_name":"","image1":"/images/sc/wanderingdoctor.jpg","restriction":" Attacker","ability":"Vampirism/HP Absorb +200 (450)[+15 if Prism] in Underground.","notes":"","date":"2020-08-01","enabled":"t"},{"idx":"5150175","idx2":"5150176","dbcode":37,"grade":5,"code":"","en_name":"wisteria tree","jp_name":"","kr_name":"","image1":"/images/sc/wisteriatree.jpg","restriction":"Forest","ability":"Bleed Evasion +35% (50%)[+0.5 if Prism]","notes":"","date":"2019-08-01","enabled":"t"},{"idx":"5150375","idx2":"5150376","dbcode":59,"grade":5,"code":"","en_name":"under the rose","jp_name":"","kr_name":"","image1":"/images/sc/undertherose.jpg","restriction":"None","ability":"\"Dancing Blade\" debuff damage +170(270)[+10 if Prism] in Devil Rumble","notes":"","date":"2020-08-01","enabled":"t"},{"idx":"5150015","idx2":"5150016","dbcode":34,"grade":5,"code":"","en_name":"meat together","jp_name":"","kr_name":"","image1":"/images/sc/togetherwithmeat.jpg","restriction":"None","ability":"Heal block Resist +40%(65%)[+1 if Prism]","notes":"","date":"2020-08-01","enabled":"t"},{"idx":"5150085","idx2":"5150086","dbcode":28,"grade":5,"code":"","en_name":"s. t. f.","jp_name":"","kr_name":"","image1":"/images/sc/stf.jpg","restriction":"Light","ability":"Curse damage +200(300)[+20 if Prism]","notes":"","date":"2020-08-01","enabled":"t"},{"idx":"5150495","idx2":"5150496","dbcode":69,"grade":5,"code":"","en_name":"tranquil peace","jp_name":"","kr_name":"","image1":"/images/sc/brieftranquility.jpg","restriction":"Water Attacker","ability":"Slide skill critical damage + 11%(21%)[+0.5 if Prism]","notes":"","date":"2020-08-01","enabled":"t"},{"idx":"5150555","idx2":"5150556","dbcode":74,"grade":5,"code":"","en_name":"treasure hunter","jp_name":"","kr_name":"","image1":"/images/sc/treasurehunter.jpg","restriction":"Fire Attacker","ability":"Increase Critical hit chance by 5%(15%)[+0.5 if Prism]","notes":"","date":"2020-08-01","enabled":"t"},{"idx":"5150065","idx2":"5150066","dbcode":24,"grade":5,"code":"","en_name":"the power of a smile","jp_name":"","kr_name":"","image1":"/images/sc/powerofsmile.jpg","restriction":"Forest Attacker","ability":"Poison Resist +35% (50%)[+0.5 if Prism]","notes":"","date":"2020-08-01","enabled":"t"},{"idx":"5150335","idx2":"5150336","dbcode":47,"grade":5,"code":"","en_name":"tamaki","jp_name":"","kr_name":"","image1":"/images/sc/tamaki.jpg","restriction":" Attacker","ability":"Heal 1500(3000)[+120 if Prism] when defeating an Enemy","notes":"","date":"2020-08-01","enabled":"t"},{"idx":"5150355","idx2":"5150356","dbcode":57,"grade":5,"code":"","en_name":"show time!","jp_name":"","kr_name":"","image1":"/images/sc/showtime.jpg","restriction":"Fire","ability":"+15%(30%)[+1.5 if Prism] chance to debuff in WorldBoss.","notes":"","date":"2020-08-01","enabled":"t"},{"idx":"5150135","idx2":"5150136","dbcode":45,"grade":5,"code":"","en_name":"sow","jp_name":"","kr_name":"","image1":"/images/sc/sow.jpg","restriction":"Light","ability":"+350(600)[+15 if Prism] Agility","notes":"","date":"2020-08-01","enabled":"t"},{"idx":"5150415","idx2":"5150416","dbcode":63,"grade":5,"code":"","en_name":"starry stage","jp_name":"","kr_name":"","image1":"/images/sc/starrystage.jpg","restriction":"None","ability":"Instant Heal received +800(1150)[+75 if Prism]","notes":"","date":"2020-08-01","enabled":"t"},{"idx":"5150225","idx2":"5150226","dbcode":30,"grade":5,"code":"","en_name":"summer night","jp_name":"","kr_name":"","image1":"/images/sc/summerfestivalnight.jpg","restriction":"None","ability":"Freeze evasion +8% (18%)[+0.5 if Prism]","notes":"","date":"2020-08-01","enabled":"t"},{"idx":"5150325","idx2":"5150326","dbcode":46,"grade":5,"code":"","en_name":"feeling tremors","jp_name":"","kr_name":"","image1":"/images/sc/shakingfeeling.jpg","restriction":"None","ability":"+12%(27%)[+1.5 if Prism] chance to stun in Devil Rumble.","notes":"","date":"2020-08-01","enabled":"t"},{"idx":"5150615","idx2":"5150616","dbcode":79,"grade":5,"code":"","en_name":"stray lamb","jp_name":"","kr_name":"","image1":"/images/sc/straylamb.jpg","restriction":"None","ability":"+265(765) Agility","notes":"","date":"2020-08-01","enabled":"t"},{"idx":"5150605","idx2":"5150606","dbcode":80,"grade":5,"code":"","en_name":"extreme carnage","jp_name":"","kr_name":"","image1":"/images/sc/extremecarnage.jpg","restriction":"None","ability":"Max HP +1120(1620)","notes":"","date":"2020-08-01","enabled":"t"},{"idx":"5150655","idx2":"5150656","dbcode":85,"grade":5,"code":"","en_name":"onsen","jp_name":"","kr_name":"","image1":"/images/sc/onsen.jpg","restriction":"None","ability":"In Devil Rumble, 250(550)[+25 if Prism] HP Recovery when attacked","notes":"","date":"2020-08-01","enabled":"t"},{"idx":"5150505","idx2":"5150506","dbcode":70,"grade":5,"code":"","en_name":"racing suit","jp_name":"","kr_name":"","image1":"/images/sc/racingsuit.jpg","restriction":"Dark Attacker","ability":"Slide skill critical damage +11%(21%)[+0.5 if Prism]","notes":"","date":"2020-08-01","enabled":"t"},{"idx":"5150535","idx2":"5150536","dbcode":72,"grade":5,"code":"","en_name":"important present","jp_name":"","kr_name":"","image1":"/images/sc/importantttreasure.jpg","restriction":"Forest Attacker","ability":"Increase Critical hit chance by 5%(15%)[+0.5 if Prism]","notes":"","date":"2020-08-01","enabled":"t"},{"idx":"5150675","idx2":"5150676","dbcode":86,"grade":5,"code":"","en_name":"moon-night spa","jp_name":"","kr_name":"","image1":"/images/sc/moonnightspa.jpg","restriction":"None","ability":"Curse Evasion +30%(45%)[+0.5 if Prism]","notes":"","date":"2020-08-01","enabled":"t"},{"idx":"5150205","idx2":"5150206","dbcode":0,"grade":5,"code":"","en_name":"beach relaxation","jp_name":"","kr_name":"","image1":"/images/sc/beachrelax.jpg","restriction":"Forest","ability":"Attack +700(1200)[+25 if Prism] in Ragna","notes":"","date":"2020-08-01","enabled":"t"},{"idx":"5150115","idx2":"5150116","dbcode":16,"grade":5,"code":"","en_name":"hero of legends","jp_name":"","kr_name":"","image1":"/images/sc/herooflegends.jpg","restriction":" Attacker","ability":"Ignore Defense Damage +200(450)[+15 if Prism] on Slide Skill in Devil Rumble.","notes":"","date":"2020-08-01","enabled":"t"},{"idx":"5150075","idx2":"5150076","dbcode":19,"grade":5,"code":"","en_name":"hunting devil","jp_name":"","kr_name":"","image1":"/images/sc/huntingdevil.jpg","restriction":"Dark","ability":"Critical damage +4000(6500)[+100 if Prism] in Ragna.","notes":"","date":"2020-08-01","enabled":"t"},{"idx":"5150105","idx2":"5150106","dbcode":32,"grade":5,"code":"","en_name":"throne","jp_name":"","kr_name":"","image1":"/images/sc/throne.jpg","restriction":"None","ability":"Silence Evasion +25%(50%)[+0.5 if Prism] in Devil Rumble.","notes":"","date":"2020-08-01","enabled":"t"},{"idx":"5150165","idx2":"5150166","dbcode":35,"grade":5,"code":"","en_name":"training expert","jp_name":"","kr_name":"","image1":"/images/sc/trainingexpert.jpg","restriction":" Defencer","ability":"When less than 3000(5000)[+100 if Prism] Hp, Evasion +20%(27.5%)[+1 if Prism] in Devil Rumble.","notes":"","date":"2020-08-01","enabled":"t"},{"idx":"5150125","idx2":"5150126","dbcode":25,"grade":5,"code":"","en_name":"princess carry","jp_name":"","kr_name":"","image1":"/images/sc/princesscarry.jpg","restriction":"Fire","ability":"Bleed +200(400)[+10 if Prism] in Underground.","notes":"","date":"2020-08-01","enabled":"t"},{"idx":"5150035","idx2":"5150036","dbcode":20,"grade":5,"code":"","en_name":"judgement day","jp_name":"","kr_name":"","image1":"/images/sc/judgementday.jpg","restriction":"Light","ability":"Poison damage received -250(500)[+15 if Prism] in Devil Rumble.","notes":"","date":"2020-08-01","enabled":"t"},{"idx":"5150155","idx2":"5150156","dbcode":3,"grade":5,"code":"","en_name":"a subaquatic date","jp_name":"","kr_name":"","image1":"/images/sc/underseadate.jpg","restriction":"Water","ability":"Poison +500 (+750)[+15 if Prism] in Underground.","notes":"","date":"2020-08-01","enabled":"t"},{"idx":"5150095","idx2":"5150096","dbcode":21,"grade":5,"code":"","en_name":"midnight partners","jp_name":"","kr_name":"","image1":"/images/sc/latenightpartner.jpg","restriction":" Defencer","ability":"Effectiveness of Reflect +3% (11.5%)[+0.5 if Prism] in Devil Rumble.","notes":"","date":"2020-08-01","enabled":"t"},{"idx":"5140135","idx2":"","dbcode":11,"grade":4,"code":"","en_name":"a castle of pleasure","jp_name":"","kr_name":"","image1":"/images/sc/castlepleasure.jpg","restriction":"Forest","ability":"Instant Heal Received +400 (800 at lvl40 +4).","notes":"","date":"2020-08-01","enabled":"t"},{"idx":"5140065","idx2":"","dbcode":8,"grade":4,"code":"","en_name":"baptism of the goddess","jp_name":"","kr_name":"","image1":"/images/sc/baptismgoddess.jpg","restriction":"None","ability":"Regeneration Received +25 (125 at lvl40 +4).","notes":"","date":"2020-08-01","enabled":"t"},{"idx":"5140125","idx2":"","dbcode":12,"grade":4,"code":"","en_name":"the dream team","jp_name":"","kr_name":"","image1":"/images/sc/dreamteam.jpg","restriction":"None","ability":"Heal 700 (1500 at lvl40 +4) HP when enemy is killed.","notes":"","date":"2020-08-01","enabled":"t"},{"idx":"5150795","idx2":"5150796","dbcode":90,"grade":5,"code":"","en_name":"god's dream","jp_name":"","kr_name":"","image1":"/images/sc/godsdream.jpg","restriction":"None","ability":"Sleep Evasion +30%(50%)[+1.5% if Prism] in Devil Rumble only.","notes":"","date":"2020-08-01","enabled":"t"},{"idx":"5150805","idx2":"5150805","dbcode":89,"grade":5,"code":"","en_name":"three best friends","jp_name":"","kr_name":"","image1":"/images/sc/3friends.jpg","restriction":"None","ability":"Evasion +15%(22.5)[+1% if prism] in Devil Rumble only.","notes":"","date":"2020-08-01","enabled":"t"},{"idx":"5150855","idx2":"5150856","dbcode":91,"grade":5,"code":"","en_name":"pool-side","jp_name":"","kr_name":"","image1":"/images/sc/poolside.jpg","restriction":"Forest","ability":"Critical damage +4000(6500)[+100 if prism] in Ragna.","notes":"","date":"2020-08-01","enabled":"t"},{"idx":"5150835","idx2":"5150836","dbcode":92,"grade":5,"code":"","en_name":"dominus duo","jp_name":"","kr_name":"","image1":"/images/sc/twinds.jpg","restriction":"None","ability":"Increase Vampirism and Absorption by 100(300)[+15 if prism] (only works for Childs with these skills)","notes":"","date":"2020-08-01","enabled":"t"},{"idx":"5150845","idx2":"5150846","dbcode":93,"grade":5,"code":"","en_name":"karma","jp_name":"","kr_name":"","image1":"/images/sc/ontogyou.jpg","restriction":"Water","ability":"Increase Weakpoint Skill Damage by 1000(2000)[+100 if Prism] in WB.","notes":"","date":"2020-08-01","enabled":"t"},{"idx":"5150245","idx2":"5150246","dbcode":10,"grade":5,"code":"","en_name":"blade of hot sun","jp_name":"","kr_name":"","image1":"/images/sc/bladesun.jpg","restriction":"Fire","ability":"Attack stat +700 (1200)[+25 if prism] in Underground.","notes":"","date":"2020-08-01","enabled":"t"},{"idx":"5150185","idx2":"5150186","dbcode":6,"grade":5,"code":"","en_name":"ass baring devil","jp_name":"","kr_name":"","image1":"/images/sc/assbaringdevil.jpg","restriction":"Fire","ability":"Bleed + 200 (400)[+10 if prism] in WorldBoss.","notes":"","date":"2020-08-01","enabled":"t"},{"idx":"5150875","idx2":"5150876","dbcode":94,"grade":5,"code":"","en_name":"angel's smile","jp_name":"","kr_name":"","image1":"/images/sc/angel'ssmile.jpg","restriction":"Water","ability":"Final defense +800(1300)[+25 if prism]","notes":"","date":"2020-08-01","enabled":"t"},{"idx":"5140145","idx2":"","dbcode":96,"grade":4,"code":"","en_name":"nightmare","jp_name":"","kr_name":"","image1":"/images/sc/nightmare.jpg","restriction":"None","ability":"Final attack +400(800)","notes":"","date":"2020-08-01","enabled":"t"},{"idx":"5150905","idx2":"5150906","dbcode":97,"grade":5,"code":"","en_name":"anniversary","jp_name":"","kr_name":"","image1":"/images/sc/anniversary.jpg","restriction":"None","ability":"In PvP Attack +545 (1045)","notes":"","date":"2020-08-01","enabled":"t"},{"idx":"5140075","idx2":"","dbcode":98,"grade":4,"code":"","en_name":"strategy meeting","jp_name":"","kr_name":"","image1":"/images/sc/strategymeeting.jpg","restriction":"Forest Attacker","ability":"When equipped, reduces bleed damage received by 70(150)","notes":"","date":"2020-08-01","enabled":"t"},{"idx":"5150925","idx2":"5150926","dbcode":99,"grade":5,"code":"","en_name":"check before proceeding","jp_name":"","kr_name":"","image1":"/images/sc/checkproceed.jpg","restriction":"Forest Attacker","ability":"In WorldBoss Final attack power +1150(1900)","notes":"","date":"2020-08-01","enabled":"t"},{"idx":"5150825","idx2":"5150826","dbcode":100,"grade":5,"code":"","en_name":"hug the prince","jp_name":"","kr_name":"","image1":"/images/sc/hugtheprince.jpg","restriction":"Water Attacker","ability":"In Raid, Final Attack power +700 (1200).","notes":"","date":"2020-08-01","enabled":"t"},{"idx":"5150955","idx2":"5150956","dbcode":101,"grade":5,"code":"","en_name":"competitive gamer","jp_name":"","kr_name":"","image1":"/images/sc/competativegamer.jpg","restriction":"Forest","ability":"For PvP only, Increase “Erode” damage by 10(50) (AKA for Piercing Ruin only)","notes":"","date":"2020-08-01","enabled":"t"},{"idx":"5150885","idx2":"5150886","dbcode":95,"grade":5,"code":"","en_name":"growing feelings","jp_name":"","kr_name":"","image1":"/images/sc/growingfeelings.jpg","restriction":"Fire Attacker","ability":"For Ragna only, slide skills deal an additional 400(850)[+15 if prism] ignore DEF damage.","notes":"","date":"2020-08-01","enabled":"t"},{"idx":"5150945","idx2":"5150946","dbcode":102,"grade":5,"code":"","en_name":"praying girl","jp_name":"","kr_name":"","image1":"/images/sc/prayinggirl.jpg","restriction":"Dark Attacker","ability":"In WB, final attack +1150(1900)","notes":"","date":"2020-08-01","enabled":"t"},{"idx":"5150975","idx2":"5150976","dbcode":103,"grade":5,"code":"","en_name":"innocent malice","jp_name":"","kr_name":"","image1":"/images/sc/innocentmalice.jpg","restriction":" Exp","ability":"In WB debuff evasion +15(30)%","notes":"","date":"2020-08-01","enabled":"t"},{"idx":"5151055","idx2":"5151056","dbcode":104,"grade":5,"code":"","en_name":"doki doki poker","jp_name":"","kr_name":"","image1":"/images/sc/DDPoker.jpg","restriction":"None","ability":"In PvP, Debuff duration -5%(-15%)[+1% If Prism]","notes":"","date":"2020-08-01","enabled":"t"},{"idx":"5151025","idx2":"5151026","dbcode":105,"grade":5,"code":"","en_name":"the start of love","jp_name":"","kr_name":"","image1":"/images/sc/TheBeginningOfLove.jpg","restriction":"Fire Attacker","ability":"In ragna, Tap skill damage +450(885)[+15 if prism]","notes":"","date":"2020-08-01","enabled":"t"},{"idx":"5151135","idx2":"5151136","dbcode":106,"grade":5,"code":"","en_name":"second death","jp_name":"","kr_name":"","image1":"/images/sc/Second Death.jpg","restriction":"Water Attacker","ability":"In ragna, Weakpoint skill damage +1400(2400)[+100 if prism]","notes":"","date":"2020-9-1","enabled":"t"},{"idx":"5151155","idx2":"5151156","dbcode":107,"grade":5,"code":"","en_name":"unrequited love","jp_name":"","kr_name":"","image1":"/images/sc/Unrequited love.jpg","restriction":"Water Attacker","ability":"In WB, Final Atk +1150(1900)[+25 if prism]","notes":"","date":"2020-08-01","enabled":"t"},{"idx":"5151085","idx2":"5151086","dbcode":109,"grade":5,"code":"","en_name":"summer buffet","jp_name":"","kr_name":"","image1":"/images/sc/beach_buffet.jpg","restriction":"None","ability":"When attacked, Skill gauge +3%(7%)[+1% if prism]","notes":"","date":"2020-08-01","enabled":"t"},{"idx":"5151125","idx2":"5151126","dbcode":108,"grade":5,"code":"","en_name":"surfing in summer","jp_name":"","kr_name":"","image1":"/images/sc/surfing_summer.jpg","restriction":"Dark Attacker","ability":"In ragna, Slide skill Critical damage +15%(36%)[+0.5% if prism]","notes":"","date":"2020-08-01","enabled":"t"},{"idx":"5151145","idx2":"5151146","dbcode":110,"grade":5,"code":"","en_name":"let's play at the beach","jp_name":"","kr_name":"","image1":"/images/sc/Let's play at the beach.jpg","restriction":"Dark","ability":"In PvP, Skill gauge charge speed +3%(8%)[+1% if prism]","notes":"","date":"2020-9-1","enabled":"t"},{"idx":"5151115","idx2":"5151116","dbcode":112,"grade":5,"code":"","en_name":"luxurious summer","jp_name":"","kr_name":"","image1":"/images/sc/Luxurious summer.jpg","restriction":"Light","ability":"In PvP, Skill gauge charge speed +3%(8%)[+1% if prism]","notes":"","date":"2020-9-1","enabled":"t"},{"idx":"5151095","idx2":"5151096","dbcode":113,"grade":5,"code":"","en_name":"summer date","jp_name":"","kr_name":"","image1":"/images/sc/Summer date.jpg","restriction":"Forest","ability":"In PvP, Skill gauge charge speed +3%(8%)[+1% if prism]","notes":"","date":"2020-09-01","enabled":"t"},{"idx":"5151035","idx2":"5151036","dbcode":114,"grade":5,"code":"","en_name":"summer vaction","jp_name":"","kr_name":"","image1":"/images/sc/Summer vacation.jpg","restriction":"Fire","ability":"In PvP, Skill gauge charge speed +3%(8%)[+1% if prism]","notes":"","date":"2020-08-01","enabled":"t"},{"idx":"5151105","idx2":"5151106","dbcode":111,"grade":5,"code":"","en_name":"how to wear","jp_name":"","kr_name":"","image1":"/images/sc/howtowear.jpg","restriction":"Water","ability":"In PvP, Skill gauge charge speed +3%(8%)[+1% if prism]","notes":"","date":"2020-9-1","enabled":"t"},{"idx":"5150735","idx2":"5150736","dbcode":115,"grade":5,"code":"","en_name":"the strongest transfer student","jp_name":"","kr_name":"","image1":"/images/sc/Transferstudent.jpg","restriction":"Water","ability":"In WB, Slide skill damage +10%(20%)[+1% if prism]","notes":"","date":"2020-08-01","enabled":"t"},{"idx":"5151005","idx2":"5151006","dbcode":116,"grade":5,"code":"","en_name":"the beach at dusk","jp_name":"夕暮れの海辺","kr_name":"","image1":"/images/sc/jp/beachatdusk.jpg","restriction":"Forest attacker","ability":"In World Boss, Slide Skill damage +10%(12%)","notes":"","date":"2020-10-01","enabled":"t"},{"idx":"5151015","idx2":"5151016","dbcode":117,"grade":5,"code":"","en_name":"excuse me","jp_name":"お邪魔します","kr_name":"","image1":"/images/sc/jp/excuseme.jpg","restriction":"Balancer(debuffer)","ability":"In Devil Rumble, recover 350(600) HP when attacking","notes":"","date":"2020-10-01","enabled":"t"},{"idx":"5150345","idx2":"5150346","dbcode":118,"grade":5,"code":"","en_name":"Ayane","jp_name":"DOA-Ayane","kr_name":"","image1":"/images/sc/jp/ayane.jpg","restriction":"None","ability":"In Devil Rumble, 30%(50%) Petrify evasion","notes":"","date":"2019-10-01","enabled":"t"},{"idx":"5150465","idx2":"5150466","dbcode":120,"grade":5,"code":"","en_name":"Deep Sea Rendezvous","jp_name":"深海のランデブー","kr_name":"","image1":"/images/sc/jp/deepsearendezvous.jpg","restriction":"Darkt attacker","ability":"Raid normal skill damate +1400.","notes":"","date":"2020-10-11","enabled":"t"},{"idx":"5150935","idx2":"5150936","dbcode":119,"grade":5,"code":"","en_name":"Destined love","jp_name":"恋する運命","kr_name":"","image1":"jp/destinedlove.jpg","restriction":"Light attacker","ability":"Increases critical damage of normal skills by 20% in raids","notes":"","date":"2020-10-11","enabled":"t"}]